	source	target
0	shopping}marathon	CCCCDDDDDDDDCCCCC
1	fashion}fascism	CCCCCDDDDDDDDCC
2	brick}blackberry	CCCCCDDDDDDDDDDD
3	alternative}whore	CCCCCCCDDDDDCCCCC
4	compressing}expanding	CCCDDDDDDDDDDDCCCCCCC
5	clown}president	CCCCCDDDDCCCCCC
6	car}hijack	CCCDDDCCCC
7	dialectical}materialism	CCCDDDDDDDDDCCCDDDDDDDD
8	gob}blob	CDDDDCCC
9	tinder}disaster	CCCDDDDCCCCCCCC
10	data}broadcasting	CCCCDDDDDDCCCCCCC
11	spare}change	CCDDDDDDCCCC
12	hibernation}dating	CCCCCDDDDDDDCCCCCC
13	academic}diarrhea	CCCCCCCDDDDDCCCCC
14	cameron}sarah	CCCCCDDDDDDCC
15	vague}facebooking	CCCCDDDDDCCCCCCCC
16	space}time	CCDDDDDCCC
17	after}masturbating	CCCCDDDDDDDCCCCCCC
18	futon}catatonic	CCDDDDDDCCCCCCC
19	britain}regret	CDDDDDDDCCCCCC
20	social}entertainer	CCCCCCDDDDDDCCCCCC
21	globe}blob	CCCCDDDDDD
22	desktop}notebook	CCCCDDDDCCCCDDDD
23	retard}aardvark	DDCDDDDCCCCCCCC
24	chopsticks}fork	CCCDDDDDDDDDDCC
25	buffet}cafeteria	CCCDDDDDDCCCCCCC
26	happy}harmonius	CCCCCDDDDCCCCCC
27	flexible}vegetarian	CCCCCDDDDDDDDCCCCCC
28	laughter}orgasm	CCCCCDDDDDDCCCC
29	masochistic}sadist	CCCCDDDDDDDDCCCCCC
30	frequency}recency	CDDDDDDDDDCCCCCCC
31	tendering}enterpreneur	CCCCDDDDDDDDDCCCCCCCCC
32	fall}halloween	CDDDDDCCCCCCCC
33	frisbee}golf	CCDDDDDDDCCC
34	engineer}nerd	CCCCCCDDDDDCC
35	hitler}hillary	CCCCCCDDDDDDDC
36	trump}economics	CCCCCDDDCCCCCCC
37	flirtation}relationship	CCCCCCCCCCDDDDDDDDDCCCC
38	permanent}nipple	CCCCCCDDDDDCCCCC
39	analog}digital	CCCDDDDCCCDDDD
40	black}latina	CDDDDDCCCCCC
41	nationals}attitude	CCDDDDDDDDDDCCCCCC
42	class}asshole	CCDDDDCCCCCCC
43	phone}snubbing	CCDDDDDDCCCCCC
44	international}police	CCCCCDDDDDDDDDCCCDDD
45	next}yesterday	CCCDDDDDCCCCCC
46	korpela}maki	CCCDDDDDCCCD
47	cryptogram}analysis	CCCCCDDDDDDCCCCCCCC
48	plum}apricot	CCCDDDDDDDCC
49	lobster}monstrosity	CCCDDDDDDDDCCCCCCCC
50	constructed}language	CCCDDDDDDDDDCCCCDDDD
51	broccoli}cauliflower	CCCCCCDDDDDDDDCCCCCC
52	global}english	CCCCDDDDDDDCCC
53	butt}munch	CCCCDCCCCC
54	computer}potato	CCCCCCDDDDDDCCC
55	beverage}avalanche	CCDDDDDDDDCCCCCCCC
56	excited}dimmer	CCCCDDDDDDDCCC
57	phone}amnesia	CCCCCDDDDDCCC
58	camera}phone	CCCDDDDCCCCC
59	gay}hibernation	CCCDDDCCCCCCCCC
60	elevator}fucker	CCCDDDDDDCCCCCC
61	bored}ordinary	CDDDDDCCCCCCCC
62	prototype}product	CCCCCDDDDDDDDCCCC
63	ballintine}company	CCCCCDDDDDDCCDDDDD
64	information}graphic	CCCCDDDDDDDDCCCCCCC
65	platform}publisher	CCCCDDDDDDDDDCCCCC
66	add}anxiety	CCCDDDCCCCC
67	gay}baby	CCCDDDCC
68	partner}alimony	CDDDDDDDCCCCCCC
69	smash}bang	CCCDDDDDCC
70	documentary}drama	CCCCDDDDDDDDCCCCC
71	conversation}destroyer	CCCCCCCDDDDDDDDDCCCCCC
72	neurologically}typical	CCCCCDDDDDDDDDDCCCCCCC
73	web}magazine	CCCDDDDDCCCC
74	human}robot	CCDDDDDDCCC
75	feminine}homicide	CCCCCCDDDDDDDCCCC
76	fraternity}fantastic	CCCDDDDDDDDDDDCCCCCC
77	debra}ian	CCCDDDCCC
78	masturbate}dating	CCCCCCDDDDDCCCCCC
79	emergent}turd	CCCCCCCCDDCCC
80	electrocution}executioner	CCCCCCCCCCCCCDDDDDDDDDDCC
81	man}vacation	CCCDDDCCCCCC
82	thespian}lesbian	CCDDDDDDDDCCCCCC
83	polish}english	CCDDDDDDCCCCCC
84	chip}hipster	CDDDDCCCCCCC
85	cyclohexane}excellent	CCCCCCCCDDDDDDDCCCCCC
86	goof}google	CCCCDDDDDCC
87	video}idiot	CDDDDDCCCCC
88	spin}cinderella	CCDDDDCCCCCCCCC
89	system}operator	CCCDDDDCCDDDDDD
90	queer}weirdo	CCCCCDDDDDCC
91	keg}runoff	CCCDDDDCCC
92	personal}zine	CCCDDDDDDCCCC
93	frat}atmosphere	CCDDDCCCCCCCCCC
94	pad}addict	CDDDCCCCCC
95	exaggeration}addict	CCCCCCCCDDDDDDCCCCC
96	whey}amen	CCCCDDCCC
97	irrigation}oregon	CCCCCDDDCCDDDDDDD
98	valley}siletz	CCCDDDDCDDCCC
99	rural}urban	CDDDDDCCCCC
100	elizabeth}barbossabeth	DDDDDDDDDDCCCCCCCCDDDD
101	intelligent}dating	CCCCCCCDDDDDCCCCCC
102	suspicion}knowledge	CCCCDDDDDDDDCCCCCCC
103	man}sandals	CDDDDCCCCCC
104	meander}neanderthal	CDDDDDDDDCCCCCCCCCC
105	jew}jpeg	CCCDDCCC
106	multiple}cartridge	CCCCCDDDDCCCCDDDDD
107	tom}katie	CCCDCCCDD
108	menopause}paws	CCCCCCDDDDDDCC
109	montgomery}county	CCDDDDDDDDDCCDDDD
110	mexican}cunt	CCCCCDDDDCCC
111	cellulose}diaphane	CCCCDDCDDDDDDCCCCC
112	vegetable}homicide	CCCDDDDDDDDDDCCCCC
113	hurricane}canceled	CCCCCCCCDDDDDCCCCC
114	sophisticated}ratchet	CCCCCCCCDDDDDDCCCCCCC
115	online}loneliness	CCCCCCDDDDDDDCCCC
116	dank}bankrupt	CDDDDDCCCCCCC
117	kill}illuminati	CDDDDCCCCCCCCCC
118	african}democracy	CCCDDDDDDDDCCCCCC
119	condom}contemplate	CCCCCCDDDDDDDCCCCC
120	academic}bowl	CCCDDDDDDCCCC
121	mutt}mutation	CCCDDDDCCCCCC
122	peasant}television	CCCCCCCDDDDDCCCCCC
123	shank}hippopotomas	CCCCCDDDDDCCCCCCCC
124	monday}daze	CCCCCDDDDCC
125	desi}lucille	CCCCDCCDDDDD
126	sleepy}slaphappy	CCCDDDDDDDDDDCCC
127	ass}hashtag	CCCDDDDDCCC
128	automatic}magically	CCCCDDDDDDCCCCCCCCC
129	warf}coumarin	CCCCDDDDDCCCC
130	elephant}facts	CCCCCCDDDDDCCC
131	chunk}lump	CCCDDDDDCC
132	liar}diary	CCCCDDDDDC
133	aggravated}annoyed	CCCCCDDDDDDDDCCCCC
134	shark}tornado	CCCCCDDDDCCCC
135	free}vegan	CCCCDDDCCC
136	internet}meeting	DDDDDCCCDCCCCDDD
137	mob}incest	CCCDDDCCCC
138	coloane}taipa	CCDDDDDDCCCDD
139	fake}ulcer	CDDDDCCCCC
140	finitely}many	CCCCDDDDDCCCC
141	wall}volleyball	CCCCDDDDDDCCCCC
142	batman}automobile	CCCDDDDDDDDCCCCCC
143	bisexual}curious	CCDDDDDDDCCCCCCC
144	avalanche}launch	CCCDDDDDDDCCCCCC
145	dejavu}brew	CCCCDDDCCCC
146	my}ipod	CCDDCCC
147	pulsating}star	CCCCCDDDDDDDDC
148	lipstick}striptease	CDDDDDDDDDDDCCCCCCC
149	satisfactory}sufficing	CCCCCCDDDDDDDDDDDCCCCC
150	alcohol}pop	CCCCDDDDCCC
151	london}pakistan	CCCCCCDDDDCCCCC
152	beautiful}delicious	CCCCDDDDDDDDCCCCCCC
153	mini}honeymoon	CCCCDDDDDDCCCC
154	knowledge}database	CCCCCCCCCDDDDDCCCC
155	brilliant}resilient	CDDDDDDDDDCCCCCCCCC
156	europe}armageddon	CCCCDDDDDDDCCCCCC
157	postmodern}sexual	CCDDCCDDDDDCCCCCC
158	british}nitpick	CCDDDDDDDCCCCCC
159	mail}maelstrom	CCCDDDDDCCCCCC
160	pumpkin}engineer	CCCCCCCDDDDDDCCC
161	macintosh}trash	CCCCCCDDDDDCCCC
162	boy}catastrophe	CCCDDDCCCCCCCCC
163	winchester}barkhamsted	CCCDDDDDDDDDDDDDDDCCCC
164	sparrow}elizabeth	CCCCCDDDDDDDCCCCC
165	shirt}sweater	CCDDDDDCCCCCC
166	maria}amigo	CCCCDDDDDCC
167	tri}bridge	CDDDDCCCCC
168	geek}elated	CCCCDCCCCCC
169	scotch}vodka	CCCCCCDDDDCC
170	stupid}bitch	CCCCCDDDDCCC
171	sky}peer	CCCDCCDD
172	chan}mannerism	CCCDDDDDCCCCCC
173	stagnation}inflation	CCCCDDDDDDDDDCCCCCCC
174	brother}bracelet	CCCDDDDDDDDCCCCC
175	warp}japanese	CDDDDDCCCCCCC
176	beer}waterboarding	CCDDDDDDCCCCCCCCCC
177	latin}nation	CCCCDDCCCCCC
178	west}antarctica	CCCDDDDCCCCCCCC
179	saints}thanksgiving	CCCCCDDDDDDDCCCCCCC
180	recap}crap	CCDDDDCCCC
181	recession}bronchitis	CCCCCCCCCDDDDDDDCCCC
182	palin}mccain	CCCCDDDDCCCC
183	sex}exposition	CDDDCCCCCCCCCC
184	trample}stampede	CCDDDDDDDDCCCCCC
185	integrated}electronics	CCCCDDDDDDDDCDDDDDDDDD
186	confusion}monopoly	CCCCCCDDDDDDDCCCCC
187	pregnant}purgatory	CCCCCCDDDDDDDDCCCC
188	stupendous}fabulous	CCCCCCCDDDDDDDCCCCC
189	peach}nectarine	CCCCCDDCDDDCCCC
190	floor}incest	CCCCCDDDCCCC
191	she}male	CCCDCCCC
192	yesterday}decade	CCCCCCCDDDDCCCCC
193	sacred}edifice	CCCCCCDDDDCCCC
194	brother}professional	CDDDDDDDDCCCCCCCCCCC
195	smell}sexy	CCCDDDDDCC
196	bride}anorexia	CCCCDDDDCCCCCC
197	porter}manteau	CCCCDDDCCCCCCC
198	aviation}gasoline	CCDDDDDDDCCCDDDDD
199	medical}aid	CCCCCCDDDCC
200	cheese}jesus	CCCCCDDDDDCC
201	dallas}attitude	CCCCDDDDDDCCCCC
202	ignoramus}anus	CCCCCCDDDDDCCC
203	ascii}alphabetical	CCCCCDDDDDDCCCCCCC
204	doh}moment	CCCDDDCCCC
205	fiction}bibliography	CDDDDDDDDCCCCCCCCCCC
206	waitress}actress	CDDDDDDDDCCCCCCC
207	fake}asian	CDDDDCCCCC
208	heterosexual}flexible	CCCCCCDDDDDDDCCCCCCCC
209	flirt}martini	CCCCCDDDDDCCC
210	bella}alice	CCCCDDDDCCC
211	photograph}biography	CCCCCDDDDDDCCCCCCCCC
212	free}recycling	CCCDDDCCCCCCCC
213	add}appendix	CCCDDDDCCCCC
214	porn}portfolio	CCCCDDDDDCCCCC
215	kitten}personality	CCCCCCDDDDDDDCCCCC
216	nigger}memorabilia	CCCCCDDDDDDCCCCCCC
217	shock}advertising	CCCCCDDDCCCCCCCCC
218	palin}enthusiasm	CCCCDDDCCCCCCCCC
219	mob}democracy	CCCDDDDCCCCCC
220	bud}bartender	CCCDDDDCCCCCC
221	pensive}sieve	CCCCCDDDDDCCC
222	spike}angel	CCDDDDCCCCC
223	rendezvous}booze	CCCCCCDDDDDCCCCC
224	lawl}walrus	CCCCDDDDCCC
225	architect}electronica	CCCCCCCCCDDDDDDCCCCCC
226	pizza}calzone	CCCCDDDDDDCCC
227	tender}macaroni	CCCCCCDDDDDDCCC
228	wimp}pussy	CDDDDDCCCD
229	vince}insanity	CDDDDDCCCCCCCC
230	cockblock}apocalypse	CCCCCCCCDDDDDDCCCCCC
231	boob}spectacular	CCCCDDDDDDDDCCCC
232	cartoon}tsunami	DDDCCCCDDDDDCCC
233	celestial}escalating	CCCDDDDDDDCCCCCCCCCC
234	god}podcast	CDDDDCCCCCC
235	pedophile}bear	CCCCDDDDDDCCCC
236	yogurt}popsicle	CCDDDDDDDDCCCCC
237	infinity}millionaire	CCCCCCCDDDDDDCCCCCCC
238	earmark}marxist	CCCDDDDDCCCCCCC
239	scum}fuzz	CCCDDDDCC
240	cybernetic}psychology	CCCCCDDDDDDCCCCCCCCCC
241	chalk}typo	CCCCCDDDDC
242	serialize}deserialize	CCCDDDDDDDCCCDDDDDDDD
243	condom}contemplation	CCCCCDDDDDDDCCCCCCCC
244	diva}attitude	CCCCDDDDDCCCC
245	bang}smash	CDDDDDDCCC
246	pegasus}sister	CCCCDDDDCCCCCC
247	frankenstein}fish	CCCCCCCDDDDDDCCCC
248	disgust}constipated	CCCCCDDDDDDCCCCCCCC
249	family}humiliated	CCDDDDDDDCCCCCCCC
250	fun}engineering	CCDDDCCCCCCCCCC
251	american}track	CCDDDDDDDCCCDC
252	terrible}horrible	CDDDDDDDDDCCCCCCC
253	geospatial}enablement	CCCDDDDDDDDCCCCCCDDDD
254	snow}apocalypse	CCCCDDCCCCCCCCC
255	prance}exercise	CCCCCCDDDDCCCCC
256	jazz}ballerina	CCCCDDDDDCCCCC
257	back}acne	CDDDDCCCC
258	plastic}agglomerate	CCCCCCDDDDCCCCCCCCC
259	skating}hitching	CCDDDDDDDCCCCCCC
260	man}sandwich	CCCDDDDDCCCC
261	quest}existence	CCDDDDCCCCCCCCC
262	draco}harry	CCDDDDDCCCC
263	fast}masturbate	CDDDDDCCCCCCCCC
264	car}garbage	CDDDDCCCCCC
265	shit}snot	CCDDDDCCC
266	car}ebonics	CCCDDCCCCCC
267	sneeze}anticipated	CCCCCCDDDCDDCCCCCC
268	fun}fantastic	CCDDDDCCCCCCC
269	fag}magnitude	CDDDDCCCCCCCC
270	oil}millionaire	CDDDDDDCCCCCCCC
271	haggle}tussle	CCDDDDDDDCCCC
272	swiss}english	CCCCCDDDDCCCC
273	phone}tablet	CCDDDDDCCCCC
274	boat}hotel	CDDDDDCCCC
275	floor}wardrobe	CCCCDDDDCCCCCC
276	balloon}vehicle	CCCCCCCDDDDCCCC
277	massachusetts}asshole	CDDDDDDDDDDDDDCCCCCCC
278	decaf}decathlon	CCCCCDDDDDDDCCC
279	niubi}ability	CCCDDDDCCCCCC
280	blabber}stutter	CCDDDDDDDDCCCCC
281	alcohol}holiday	CCCCCCCDDDDCCCC
282	hispanic}pander	CCCCCCDDDDDDCCC
283	hazardous}material	CCCDDDDDDDCCCDDDDD
284	marionette}puppet	CDDDDDDDDDDDCCCCC
285	catastrophe}cacaphony	CDDCCCCCCCDDDDDDDDCCC
286	drink}friday	CDDDDDDCCCCC
287	brag}vagabond	CCDDDDCCCCCCC
288	female}robot	CCCDDDDDDCCC
289	prostitute}tot	CCCCCCCDDDDDCC
290	cheese}hamburger	CCCCCCDDDDCCCCCC
291	matt}elliot	CCCCDCCDDDD
292	pretend}text	CCCCCDDDDDCC
293	pan}enormous	CCDDDCCCCCCC
294	men}feminist	CCCDDDDCCCCC
295	slow}loading	CDDDDCCCCCCC
296	nil}millionaire	CDDDDCCCCCCCCCC
297	winchester}incest	CDDDDDDDDDDCCCCCC
298	glass}asshole	CCDDDDCCCCCCC
299	adjective}retard	CCCCCCDDDDDDDCCC
300	squint}intern	CCCCCCDDDDCCC
301	sports}broadcast	CCCCCCDDDDDDCCCC
302	debate}argument	CCCCDDDDCCCDCDD
303	alpaca}apocalypse	CCCCDDDDDDCCCCCCC
304	cumberbatch}bitch	CCCCCCCDDDDDDCCCC
305	ny}london	CCDCCCDDD
306	static}friction	CCDDDDDDDCCCCCC
307	blot}botch	CCCCDDDDCC
308	spam}retard	CCCCDDDCCCC
309	strategy}pragmatics	CCDDDDDDDDCCCCCCCCC
310	jackrabbit}antelope	CCCCDCDDDDDDDDDCCCC
311	prototype}flight	CCCCCDDDDDCCCCCC
312	ecology}imagination	CCCDDDDDDCCCCCCCCCC
313	juggernaut}snot	CCCCCCDDDDDCCCC
314	present}absenteeism	CCCDDDDDDDCCCCCCCCC
315	greed}economics	CCCCCDDDCCCCCCC
316	navel}valencia	CCCCDDDDCCCCCC
317	smell}elephant	CCCCDDDCCCCCCC
318	glitter}literati	CCCCCCCDDDDDDCCC
319	memory}index	CCCDDDDDDDCC
320	liquid}oxygen	CDDDDDDCCDDDD
321	non}conversation	CDDDDCCCCCCCCCCC
322	gene}chromosome	CCCDDDDDDDDDCCC
323	holiday}daze	CCCCCCDDDDCC
324	multiple}modal	CCCCCDDDDCCCCC
325	digital}monster	CCCCDDDDCCCDDDD
326	kleptocrat}king	CCCCCCDDDDDCCCC
327	oppressive}precedent	CCCCCCDDDDDDDDCCCCCC
328	him}bimbo	CDDDDCCCC
329	breath}analyzer	CCCCCCDDDCCCCCC
330	corpse}popsicle	CCCDDDDDDCCCCCC
331	agitation}propaganda	CCCCDDDDDDCCCCDDDDDD
332	nano}technology	CCCCDCCCCDDDDDD
333	administration}trivia	CCCCCCCCCDDDDDDDDCCCC
334	abnormal}end	CCDDDDDDDCCC
335	skanky}raunchy	CCDDDDDDCCCCCC
336	blog}logjam	CDDDDCCCCCC
337	nerd}nirvana	CCCCDDDDCCCC
338	beer}cheerios	CDDDDDDCCCCCC
339	kid}accessory	CCCDDDCCCCCCC
340	breast}estimate	CCCCDDDDCCCCCCC
341	bad}advice	CDDDCCCCCC
342	obama}healthcare	CCCCCDDDDDDDCCCC
343	cosmetic}pharmaceutical	CCCCCDDDDDDDDDDCCCCCCCC
344	travel}monologue	CCCCCCDDDDDDCCCC
345	compatibility}quality	CCCCCDDDDDDDDDCDDDDDD
346	transphobia}misogyny	CCCCCDDDDDDDCCCCCCCC
347	vagina}vegetarian	CCCCDDDDDDDCCCCCC
348	breath}analyser	CCCCCCDDDCCCCCC
349	stew}soup	CCDDDDCCC
350	fourteen}nights	CCDCCDDDDCCCCCD
351	awkward}word	CCCCDDDDDCCC
352	introduction}douchebag	CCCCCCDDDDDDDDCCCCCDDD
353	pander}androgynous	CDDDDDDCCCCCCCCCCC
354	man}recession	CCCDDDCCCCCCC
355	spectacular}cooler	CCCCCCCDDDDDDCCCCC
356	penis}gallery	CCCCDDCCCCCCC
357	play}software	CCCCDDDDDCCCC
358	car}karaoke	CDDDDCCCCCC
359	pasta}possibility	CCCCCDDDDDDCCCCCC
360	library}brat	CCCCCDDDDDDC
361	mole}moustache	CCCCDDDDCCCCCC
362	free}coupon	CCCCDDDDCCC
363	view}beautiful	CCCCDDDDDCCCCC
364	dildo}audacity	CCCDDDDDCCCCCC
365	shit}wasted	CCDDDCCCCCC
366	fag}gag	CCCDDCC
367	apathy}theist	CCCDDDDCCCCCC
368	rectum}automobile	CCCCCCDDDDDDCCCCC
369	sex}exorcism	CCCDCDDCCCCC
370	half}dialogue	CCCCDDDCCCCCC
371	nutra}pharmaceutical	CCCCDDDDDDDCCCCCCCCC
372	parachute}trooper	CCCCDDDDDDCCCCCCC
373	vegetarian}terrible	CCCCDDDDDDDCCCCCCCC
374	hand}ancestors	CCCCDDDCCCCCCC
375	kinetic}connect	CCCCDDDDDDDDDCC
376	cyber}hypochondriac	CCCCCDDDDDCCCCCCCCC
377	gear}erotica	CCCDDDCCCCCC
378	simultaneous}broadcasting	CCCCCDDDDDDDDDDDDDCCCCCCC
379	economist}bureaucrat	CCCCCDDDDDDDDDDDCCCC
380	butt}selfie	CDDDDDCCCCC
381	advil}addict	CCCCDDDDDDCC
382	faux}mohawk	CCCCDDDCCCC
383	warren}keeney	CCDDDDDCCCCCC
384	cinema}complex	CCCCDDDDDDCCCC
385	scrumptious}delicious	CCCCCDDDDDDDDDCCCCCCC
386	malicious}advertising	CCCDDDDDDDDDCCCCCCCCC
387	burn}terminate	CCCCDDDDDCCCCC
388	text}expectation	CCCCDDDCCCCCCCCC
389	introvert}sexual	CCCCCDDDDDCCCCCC
390	britain}remain	CDDDDDDDCCCCCC
391	abercrombie}zombie	CCCCDDDDDDDDCCCCCC
392	horny}hungry	CCCCDDDDDCCC
393	beard}dandruff	CCCCCDDDDDCCCC
394	anvil}malicious	CCCCDDDDCCCCCCC
395	taximeter}cabriolet	CCCCDDDDDDCCCDDDDDD
396	positive}electron	CCCCCDDDDDDDDDCCC
397	parachute}sailing	CCCCDDDDDDCCCCCCC
398	emotion}icon	CCCCCDDDDCCC
399	anarchy}architecture	CCDDDDDDCCCCCCCCCCCC
400	alsace}thompson	CCCDDDDCDCCDDDD
401	animate}electronic	CCCCCCDDDDDDDCCCCC
402	douchebag}blog	CCCCCCCDDDDCCC
403	drawing}drabble	CCCCDDDDDDDDCCC
404	congress}digressing	CCCCCCCCDDDDDDDDCCC
405	friend}incest	CCCCCCDDDCCCC
406	edge}hedgehog	DDDDDDCCCCCCC
407	epigenesis}genetics	CCCDDDDDDDDCCCCCCCC
408	volunteer}told	CCCCCCDDDDDCCC
409	sparkle}vampire	CCCCCCCDDDDCCCC
410	favourite}icon	CCCDDDDDDDCCCC
411	bourgeois}ghetto	CCCDDDDDDDCCCCCC
412	celebrity}debutant	CCCDDDDDDDDCCCCCCC
413	oxford}cambridge	CCDDDDDDDDCCCCCC
414	manhattan}stonehenge	CCCCCCCCCDDDDDDCCCCC
415	godly}awesome	CCCDDDDDDCCCC
416	irritation}entertainment	CCCCDDDDDDDDDDDDCCCCCCCC
417	flavor}orgasm	CCCCCCDDDCCCC
418	faux}mullet	CCCCDDDCCCC
419	american}way	CCDDDDDDDCCC
420	bed}orgasm	CCCDDDCCCC
421	northern}virginia	CCDDDDDDDCDDDDDDC
422	porn}pinocchio	CCCDDDDCCCCCCC
423	laptop}desktop	CCCDDDDCCCCDDD
424	popcorn}crack	CCCDDDDDCCCCC
425	indian}atlantic	CCCCCDDDDCCCCCC
426	cunt}interrupted	CCDDDDCCCCCCCCCC
427	fridge}widget	CCCCCCDDDDDDC
428	hack}activism	CCCCDDDCCCCCC
429	fun}confetti	CCDDDDCCCCCC
430	jew}jubilee	CCCDDDCCCCC
431	abandoned}mansion	CCDDDDDDDDDCCCCCC
432	mascara}scary	CCCCCCDDDDDDC
433	fiction}dictionary	CDDDDDDDDCCCCCCCCC
434	miscreant}antics	CCCCCCCCCDDDDCCC
435	teen}between	DDDDDDDCCCCC
436	chemotactic}cytokine	CCCCCDDDDDDDDDDDCCCC
437	clown}commander	CCCCCDDDDCCCCCC
438	utilities}cooridor	CCCCCDDDDDDDDDDCCC
439	sarcasm}orgasm	CCDDDDDDDCCCCC
440	prostitute}boots	CCCCCCDDDDDCCCCC
441	lol}hilarious	CCDDDDCCCCCCC
442	lexion}espionage	CCCDDDDDDCCCCCCC
443	grant}antartica	CCDDDDCCCCCCCCC
444	care}confronting	CCCCDDDDCCCCCCCC
445	free}software	CCCCDDDDDCCCC
446	biological}terrorism	CCCDDDDDDDDCCCCCCCCC
447	man}amazon	CCCDDDCCCC
448	glee}geek	CCCCDDDDC
449	pop}propaganda	CDDDDDCCCCCCCC
450	all}theist	CCCDCCCCCC
451	show}romance	CCCCDDDCCCCC
452	chart}article	CCDDDDCCCCCCC
453	cupid}stupidity	CDDDDDDDCCCCCCC
454	sleep}marathon	CCCCCDDDDCCCCC
455	gasoline}alchohol	CCCCDDDDDDDDDDCCC
456	revolution}songs	CCCCCCDDDDDCCCCC
457	professional}nasty	CCCDDDDDDDDDDCCCCC
458	fact}haemorrhoid	CCCCDDDDDDDDDCCC
459	ass}acne	CCCDDDCC
460	botox}tax	CCCDDDDCC
461	dumb}confound	CCCCDDDDCCCCC
462	glamour}camping	CCDDDDDDDCCCCCC
463	fascinate}addict	CCCCCCCDDDDCCCCC
464	dude}divorce	CCCCDDDCCCCC
465	lactation}activism	CDDDDDDDDDCCCCCCCC
466	mother}manager	CCDDDDDCDDCCCC
467	adorable}bubble	CCCCCCDDDDCCCCC
468	sanskrit}neologism	CCCCCCCCDDDDDDDCCC
469	sex}relationship	CCCDDDDCCCCCCCCC
470	funk}kinetics	CCCDDCCCCCCCC
471	mechanical}electronics	CCCCCDDDDDDDDDDCCCCCCC
472	dub}subtitle	CDDDDCCCCCCC
473	steel}millionaire	CCCCDDDDDCCCCCCCC
474	sneeze}fart	CCDDDDDDCCC
475	parachute}troop	CCCCDDDDDDCCCCC
476	europe}asia	CCCDDDDCCCC
477	erase}racist	CDDDDDCCCCCC
478	illuminate}answer	CCCCCCCCDDDDCCCCC
479	car}narcolepsy	CDDDDCCCCCCCCC
480	chicago}siberia	CCDDDDDDDCCCCCC
481	california}train	CCCDDDDDDDDCCCCC
482	giraffe}grafitti	CCCCCCDDDDDDCCDC
483	november}beard	CCCCCCCDDDDCCC
484	kaboom}bloom	CCDDDDDCCCCC
485	word}wonderful	CCCDDDDDCCCCCC
486	liberal}orgasm	CCCDDDDDDDCCCC
487	fan}kingdom	CCCDDDDDCCC
488	free}premium	CCCDDDDCCCCC
489	fresh}sophomore	CCCCDDDDDCCCCCC
490	clitoris}literati	CDDDDDDDDCCCCCCCC
491	sky}kayaking	CCDDDDCCCCCC
492	incredible}bad	CCCCCCCCDDDDCC
493	shamble}diabolic	CCCCCDDDDDDDCCCC
494	slant}perpendicular	CCCCCDDDDDCCCCCCCCC
495	lacrosse}prostitute	CCCCCCCDDDDDDCCCCCC
496	argument}maximum	CCCDDDDDDCCCDDDD
497	word}hardcore	CCDDDDDCCCCCC
498	inept}inception	CCDDDDDDDCCCCCC
499	joy}voyage	CDDDDCCCCC
500	reddit}editor	CCCCCCDDDDDCC
501	pun}funny	CDDDDCCCC
502	scandalous}raunchy	CCCCDDDDDDDDDDDCCC
503	wiki}academia	CCCCDDDDCCCCC
504	man}landscape	CCCDDDDDCCCCC
505	google}doppelganger	CCCCCCDDDDDDDCCCCCC
506	telephone}marathon	CCCCDDDDDDDDDDCCCC
507	pharmaceutical}farming	CCDDDDDDDDDDDDDDCCCCCC
508	consumer}hurricane	CCCCCCDDDDDDDCCCCC
509	boom}hoist	CCCDDDDDCC
510	internet}nest	CCCCCCCDDDDCC
511	tri}tongs	CCDDDCCCC
512	valley}speaker	CCCCCCDCCCCCDD
513	geography}caching	CCCDDDDDDDCCCCCCC
514	gender}gingerbread	CCCCDDDDDDDCCCCCCC
515	abstain}kiss	CCCCCDDDCCCC
516	american}anthrax	CCCCCDDDDDDCCCCC
517	aqua}acrobatics	CCCCDDDDDCCCCCC
518	web}log	DDCDCCC
519	word}obsessive	CCCCDDDCCCCCCC
520	back}substitution	CCCCDDDDCCCCCCCCC
521	lacoste}prostitute	CCCDDDDDDDCCCCCCCC
522	elvis}eviscerate	CCDDDDDCCCCCCCCC
523	snow}drizzle	CCDDDDDCCCCC
524	porn}ornament	CDDDDCCCCCCCC
525	text}extrovert	CDDDDCCCCCCCCC
526	hot}awesome	CCCDDDDCCCC
527	pro}prediction	CCCDDDDCCCCCCC
528	dance}dyslexia	CCCCCDDDDCCCCC
529	web}camera	CCCDCCCDDD
530	outside}patient	CCCDDDDDCCCCCCC
531	stop}option	CCDDDCCCCCC
532	hacker}activism	CCCCDDDDDCCCCCC
533	ipod}broadcasting	DCCDDDDDDCCCCCCCC
534	victoria}inox	CCCCCCCDDDCCC
535	boredom}orgasm	CCCCDDDDDDCCCC
536	group}outfit	CCDDDDCCCCCC
537	squirrel}rat	CCDDDDDDDCCC
538	abandoned}software	CCCCCCCDDDDDDDCCCC
539	share}parenting	CCDDDDDCCCCCCCC
540	affect}titties	CCCCCDDCCCCCCC
541	aquatic}equilibrium	CCCCDDDDDDDDCCCCCCC
542	revenge}suicide	CCCCCCDDDDCCCCC
543	scoop}spatula	CCCCCDDDDDCCC
544	sex}secretary	CCCDDDCCCCCCC
545	thanksgiving}hanukkah	CCCCCCCCCDDDDDDDCCCCC
546	alcohol}bulimia	CCCCCCCDDDDCCCC
547	margarita}retarded	CCCCCCCCCDDDDDCCCC
548	anecdote}doubt	CCCCCCDDDDDCCC
549	evacuation}vacation	CCCCCDDDDDDDDCCCCCC
550	glamour}ritz	CCDDDDDDDCCC
551	multiple}universe	CCCCDDDDDDDCCCCCC
552	emotion}ebola	CCCDDDDDDDDCC
553	jack}macintosh	CCCCDDDDCCCCCC
554	sophomore}moronic	CCCCCCCCDDDDDCCCC
555	smack}mash	CDDDDDCCCC
556	ear}eyewitness	CCCDDDDCCCCCCC
557	naphthene}palmitate	CCDDDDDDDDCCCCDDDDD
558	shit}farted	CCDDDDCCCCC
559	amazon}hanukkah	CCCCCCDDDDCCCCC
560	fact}acronym	CDDDDCCCCCCC
561	big}anorexia	CCCDDDCCCCCC
562	obama}economics	CCCCCDDDDCCCCCC
563	rebuke}abuse	CCCCDDDDDDCC
564	buddha}universe	CCCCCCDDDDCCCCC
565	texture}element	CCCDDDDDCCDDDDD
566	crap}capella	CCDDDDCCCCCC
567	annoying}icon	CCCCCCDDDDCCC
568	kaput}poop	CCDDDDCCCC
569	nerd}orgy	CCCCDDDCC
570	jardanup}deeside	CCCCDDDDDDCCDDDD
571	frankenstein}food	CCCCCCCDDDDDDCCCC
572	never}referendum	CCCDDDDDDCCCCCCC
573	boston}washington	CCCDDDDCCCCDDDDDD
574	web}society	CCCDDDCCCCC
575	female}dominance	CCCDDDDCCCDDDDDD
576	owl}omaha	CCCDDCCCC
577	anecdote}dotage	CCCCCCCDDDDDCCC
578	mac}dictionary	CCDDDDCCCCCCCC
579	misogyny}noir	CCCCCCCDDDCCC
580	wave}particle	CCCDDDDDDCCCC
581	twitter}hitler	CCDDDDDDDCCCCC
582	coxswain}box	CCCDDDDDDCCC
583	chair}wardrobe	CCCCDDDDCCCCCC
584	walton}mart	CCCDDDDCCCC
585	cinema}maximum	CCCCCCDDDCDDDD
586	chocolate}taco	CCCCCDDDDDCCCC
587	spa}boutique	CCCDDDDCCCCC
588	ghost}elevator	CCCCCDDDDCCCCC
589	fun}truncated	CDDDDDCCCCCCC
590	napierian}digit	CDDDDDDDDDDDDCC
591	relationship}shit	CCCCCCCCCCCDDDDDC
592	petroleum}chemical	CCCCCDDDDDCCCCCCCC
593	beard}weirdo	CCCCCDDDDDDC
594	adult}adolescence	CCCCCDDDCCCCCCCCC
595	dance}circumsize	CCCCCDDDCDDDCCCC
596	lava}acid	CCCCDDCCC
597	glamour}amazon	CCDDDDDDCCCCCC
598	electronic}available	CDDDDDDDDDDDCCCCCCCC
599	flab}abdomen	CCDDDCCCCCCC
600	hoe}romance	CDDDDCCCCCC
601	rove}overload	CDDDDCCCCCCCC
602	ethical}dubious	CCCDDDDDDCCCCCC
603	horrendous}atrocious	CCCDDDDDDDDDDCCCCCCC
604	reduction}oxidation	CCCDDDDDDDCCDDDDDDD
605	malicious}software	CCCDDDDDDDDDDDCCCC
606	lesbian}bro	CCCCDDDDDCC
607	britain}return	CDDDDDDDCCCCCC
608	medical}fraud	CCCCDDDDCCCCC
609	cable}broadcast	CCCCCDDDDDDCCCC
610	share}software	CCCCCDDDDDCCCC
611	art}science	CCCDCCCDDDD
612	oreo}realization	CCCCDDDDCCCCCCCC
613	fact}activist	CDDDDCCCCCCCC
614	view}browser	CCCCDDDDDCCC
615	frau}raubtier	CDDDDCCCCCCCC
616	prototype}hype	CCCCCDDDDDCCCC
617	cho}harry	CDDDCCCCC
618	documentary}fiction	CCCCDDDDDDDDCCCCCCC
619	jitter}literati	CCCCCCDDDDDDCCC
620	coder}decoder	CCCCDDDDCDDDD
621	book}instagram	CCCCDDDCCCCCCC
622	bree}lynette	CCDDDDCCCCCC
623	flash}backpacking	CCCCCDDDDDCCCCCCC
624	amethyst}citrine	CCCDDDDDDDDCCCCC
625	microcomputer}software	CCCCCDDDDDDDDDCCCCDDDD
626	admiration}empathy	CCCCCCDDDDDDCCCCCC
627	excited}constipated	CCCCDDDDDDDDCCCCCCC
628	lap}popcorn	CCDDDDCCCCC
629	japanese}animation	CCCDDDDDDCCCCCCCCC
630	password}confusion	CCCCDDDDDDDDCCCCCC
631	foreman}thirteen	CCCCDDDDDDDDCCCC
632	vomit}bomb	CCCDDDCCCC
633	irony}erroneous	CDDDDDDDCCCCCCC
634	man}unicorn	CCDDDCCCCCC
635	jerk}irksome	CCDDDDCCCCCC
636	radiation}opaque	CCCCDDDDDDCCCCCC
637	meh}mathematician	CCCDDDCCCCCCCCCCC
638	scream}caterpillar	CCCCCCDDCDDDCCCCCC
639	slut}whore	CCDDDDDCCC
640	motorized}bicycle	CCCCCDDDDDDDCCCCC
641	facebook}stalk	CDDDDDDDDDDCCC
642	oblivious}idiot	CCCCCCCDDDDDDDC
643	adjunct}junk	CCCCCDDDDDDC
644	fun}orgasm	CCCDDDCCCC
645	kanwaka}wakarusa	CCCCCCCDDDDDDDDD
646	talk}cartoon	CCCCDDCCCCCC
647	ear}orgasm	CCDDDCCCCC
648	fake}sushi	CDDDDDCCCC
649	word}wardrobe	CCDDDDDCCCCCC
650	piss}mishap	CCCCDDDDCCC
651	airplane}pain	CCCCDDDDDDCCC
652	automobile}utopia	CDDDDDDDDDDCCCCCC
653	parallax}second	CCCDDDDDDCCCDDD
654	video}democracy	CCCCDDDDDCCCCCC
655	endogenous}morphine	CCCDDDDDDDDDCCCCCCD
656	distract}retard	CCCCCCCCDDDDCCC
657	computer}confusion	CCCCDDDDDDDDCCCCCC
658	malnutrition}tuition	CCCDDDDDDDDDDCCCCCCC
659	hate}pathos	CDDDDDCCCCC
660	thot}socrates	CCCCDDDCCCCCC
661	sea}landscape	CCCDDDDDCCCCC
662	lol}holocaust	CDDDDCCCCCCCC
663	phone}neck	CCCCCDDDCC
664	bozo}ozone	CDDDDCCCCC
665	medical}healthcare	CCCCCCDDDDDDDDDDCC
666	facebook}facelift	CCCCCCCCDDDDDCCCC
667	drunk}munchies	CCDDDDDCCCCCCC
668	green}whitewash	CCCCCDDDDDDCCCC
669	fucking}drunk	CCCDDDDDDCCCC
670	mobile}weblog	CCDDDDDDDCCCC
671	negro}negotiation	CCCCDDDDDCCCCCCCC
672	tweet}sweetheart	CDDDDDDCCCCCCCCC
673	course}software	CCCCCCDDDDDCCCC
674	magnesium}ferric	CCDDDDDDDDCDDDCC
675	skin}intimidate	CCDDDCCCCCCCCCC
676	sarcasm}chasm	CCCDDDDDCCCCC
677	whine}rhino	CCCCDDDDDDC
678	newt}momentum	CCCCDDDCCCCCC
679	cash}castration	CCCCDDDDCCCCCCC
680	woman}romance	CDDDDDDCCCCCC
681	bard}idolatry	CCCDDDCCCCCCC
682	calcium}gone	CCCDDDDDCCCD
683	shark}octopus	CCCCCDDDCCCCC
684	procastination}productivity	CCCCCCCCDDDDDDDDDDDDDDDCCCC
685	prom}proposal	CCCCDDDDCCCCC
686	deformed}afflicted	CCDDDDDDDDDCCCCCCC
687	maddening}infuriating	CCCCCCDDDDDDDDDDCCCCC
688	pass}asshole	CDDDDCCCCCCC
689	insinuation}innuendo	CCCCCCDDDDDDDDDDCCCC
690	subliminal}tweet	CCCDDDDDDDDCCCCC
691	stupid}studious	CCCCCDDDDDDDCCC
692	chin}underwear	CCCDDDCCCCCCCC
693	accountable}cunt	CCCDCCCCCCCDDDDD
694	sofa}ass	CCCCDDCC
695	condensation}trail	CCCDDDDDDDDDDCCCCC
696	robert}kristen	CCCDDDDDDDCCCC
697	family}computer	CCCCDDDCCCDDDDD
698	naruto}retard	CCCCCDDDDDCCC
699	texas}exodus	CDDDDDCCCCCC
700	advertisement}blasting	CCCCCCDDDDDDDDCCCCCCCC
701	frankenstein}word	CCCCCCCDDDDDDCCCC
702	spokesperson}blogger	CCCCCCDDDDDDDCCCCCCC
703	declarative}exclamatory	CCDDDDDDDDDDDDCCCCCCCCC
704	slut}president	CCCCDDDDCCCCCC
705	volunteer}town	CCCCCCDDDDDCCC
706	sex}accident	CCCDDDCCCCCC
707	ninja}injun	CDDDDDCCCCC
708	offensive}sieve	CCCCCCCDDDDDCCC
709	retard}dumbass	DDCCCCDDDDDCCC
710	oblivious}android	CCCCCCDDDDDDCCCCC
711	list}article	CCCDDDDCCCCC
712	analyst}therapist	CCCCDDDDDDDCCCCCC
713	cheap}cappucciono	CCCDDDDCCCCCCCDCC
714	smudge}estimate	CCCCCCDDDDDCCCC
715	spam}robot	CCCCDDDCCC
716	helicopter}skiing	CCCCDDDDDDDCCCCCC
717	global}local	CDDDDDDCCCCC
718	governor}terminator	CCCCCCDDDDDDDDDCCCC
719	phone}frustrated	CCCCCDDDDCCCCCCC
720	jagermeister}bomb	CCCCCDDDDDDDDCCCC
721	google}amazon	CCCCCCDDDDCCC
722	blog}book	CCCDDDDCC
723	bark}parkour	CDDDDDCCCCCC
724	terra}terrorist	CCCCDDDDDDDDCCC
725	fruit}atomic	CCCCCDDDCCCC
726	homosexual}comintern	CDDDDDDDDDDDCCCCCCCC
727	automotive}atrocity	CCCCDDDDDDDDCCCCCCC
728	chopstick}fork	CCCDDDDDDDDDCC
729	night}netflix	CCDDCDDCDCCCC
730	excuse}squeeze	CCDDDDDCCCCCCC
731	yank}handshake	CCCCDDDDDCCCCC
732	wireless}fidelity	CCDDDDDDDCCDDDDDD
733	chest}testicle	CCDDDDDCCCCCCC
734	afghanistan}pakistan	CCDDDDDDDDDDCCCDDDDD
735	fabulous}sexual	CCCCCCDDDCCCCCC
736	tactical}turtleneck	CCCDDDDDDDDDCCCCCCC
737	but}actually	CDDDCCCCCCCC
738	alternative}right	CCCDDDDDDDDDCCCCC
739	cable}telegram	CCCDDDDDCCCCCC
740	kiss}caress	CCCCDDDDCCC
741	murky}marketing	CCDDDDDDCCCCCCC
742	fun}animation	CCDDDCCCCCCCC
743	script}document	CCCCCCDDDDDCCCC
744	financial}pinnacle	CCDDDDDDDDDDDCCCCC
745	facebook}hack	CCCCDDDDDCCCC
746	phonetics}lexicon	CCCCDDDDDDDDDCCCC
747	jesus}centric	CCCCDDCCCCCCC
748	pirate}attitude	CCCDDDDCCCCCCCC
749	bash}hashtag	CDDDDDCCCCCC
750	light}radar	CCDDDDDDCCC
751	chilling}relaxing	CCCCDDDDDDDCCCCCC
752	liberal}retard	CCCDDDDDDDCCCC
753	gay}addiction	CDDDCCCCCCCCC
754	kate}ziva	CDDDDDCCC
755	hunger}angry	CDDDDDDCCCCC
756	cuckold}conservative	CCCCDDDDDDDCCCCCCCCC
757	miller}lux	CCCCDDDDCC
758	hater}gatorade	CDDDDDDCCCCCCC
759	fanatic}kingdom	CCCDDDDDDDDDCCC
760	television}broadcast	CCCCDDDDDDDDDDDDCCCC
761	literature}sewer	CCCCCCDDDDDCCCCC
762	monte}rey	CCCCCDCCC
763	glamorous}camping	CCDDDDDDDDDCCCCCC
764	dormitory}incest	CCCCDDDDDDDDCCCC
765	scarborough}siberia	CCCCCDDDDDDDDDDCCCC
766	botulism}toxin	CCCDDDDDDDCCDD
767	slut}sorority	CCCDDDDCCCCCC
768	smile}silence	CCDDDDDCCCCCC
769	hellish}hallway	CCDDDDDDDDCCCCC
770	beat}beetles	CCCCDDDDDCCC
771	pocket}monster	CCDCCDDCCCDDDD
772	ska}hardcore	CCCDDDDDCCCC
773	alphabetic}numeric	CCCCCDDDDDDCCCCCCC
774	obama}mania	CCCCCDDDCCC
775	documentary}soap	CCCCDDDDDDDDCCCC
776	fantastic}orgasmic	CCCCCCDDDDDDDDDCCC
777	aforementioned}texted	CCCCCDDDDDDDDDDCCCCCC
778	pray}playstation	CCDDDDDCCCCCCCCC
779	hibernate}dating	CCCCCDDDDDCCCCCC
780	cream}popsicle	CCCCCDDDDCCCCC
781	veep}sweepstakes	CDDDDDDCCCCCCCCC
782	blog}pilates	CCCCDDCCCCCC
783	nigger}piglet	CCCCDDDDDDCCC
784	cosmos}organism	CCCCCDDDDDDCCCC
785	dangerous}hazardous	CDDDDDDDDDDCCCCCCCC
786	lebron}wannabe	CCCCCCDDDDCCCC
787	quantum}bit	CCDDDDDDCCC
788	chronology}optimist	CCCCCDDDDDDCCCCCCCC
789	phone}conundrum	CCDDDDDCCCCCCCC
790	system}administrator	CCCDDDDCCCCCDDDDDDDD
791	static}satellite	CCCCCDDDDCCDDDDD
792	fairfield}osborn	CCCCDDDDDDDDCCCC
793	maybe}perhaps	CCCDDDDDDCCCC
794	formal}casual	CCCCCDDDDCCCC
795	pegasus}unicorn	CCCCDDDDDDDCCCC
796	biological}pioneer	CDDDDDDDDDDDCCCCCC
797	winning}company	CCCDDDDDCCDDDDD
798	nifty}fabulous	CCCCDDDCCCCCCC
799	seattle}tacoma	CCCCDDDDDCCDDD
800	monster}asteroid	CCCCCCCDDDDDDCCC
801	communication}broadcast	CCCDDDDDDDDDDDDDDDDCCCC
802	elevator}vision	CCCDDDDDDCCCCCC
803	banquet}dance	CCCCCDDDDCCCC
804	midnight}martini	CCCCCDDDDDDDCCCC
805	uber}fantastic	CCCCDDDDCCCCCC
806	glial}lymphatic	CDDDDDCCCCCCCCC
807	kid}video	CCCDCCCDD
808	parent}paranoia	CCCCCCDDDDDCCCC
809	type}hyperventilate	CDDDDDCCCCCCCCCCCCC
810	pellet}resistor	CCCCDDDDDDCCCCC
811	commute}comminicate	CCCCCCDDDDDDDDCCCCC
812	bare}kareoke	CDDDDDCCCCCC
813	man}panther	CDDDDCCCCCC
814	conservative}democrats	CCCDDDDDDDDDDCCCDDDDDD
815	hiccup}burp	CCCCCDDDDCC
816	ad}infested	CCDDDCCCCCC
817	after}morning	CCCDDDDCCCCCC
818	moon}landscape	CCCCDDDDDCCCCC
819	awkward}sauce	CCCDDDDDCCCCC
820	biography}picture	CCCDDDDDDDCCCDDDD
821	nose}ostracize	CDDDDCCCCCCCCC
822	penn}engineer	CCCDDDCCCCCCC
823	net}convertible	CCCDDDDCCCCCCCC
824	fake}rolex	CDDDDDCCCC
825	noun}adjective	CCCCDDDCCCCCCC
826	jihad}hobbyist	CCDDDDCCCCCCCC
827	ramen}woman	CCDDDDCCCCC
828	pug}beagle	CCCDDDDCCC
829	brother}science	CCCDDDDDCCCCCCC
830	celebrity}debutante	CCCDDDDDDDDCCCCCCCC
831	knife}fork	CCDDDDDCCC
832	alpha}beta	CCCCCDCCCD
833	hormone}emotion	CCCDDDDDDCCCCCC
834	electronic}mail	CDDDDDDDDDDCCCC
835	pregnancy}amnesia	CCCCCDDDDDDDDCCCC
836	masturbate}wait	CCCCCCDDDDDCCCC
837	spam}blogger	CCDDDDCCCCCC
838	spirit}commitment	CCCCDDDDDDCCCCCCC
839	press}prostitute	CCCCDDDDDCCCCCCC
840	near}orgasm	CCCDDDCCCCC
841	permanent}agriculture	CCCCCDDDDDDDDDCCCCCCC
842	china}india	CCDDDDCCCCC
843	refute}repudiate	CCCDDDDDDDCCCCCC
844	ecology}sabotage	CCDDDDDDDDDCCCCC
845	internal}communication	CCCCCDDDDCCCDDDDDDDDDD
846	beat}sputnik	CCCCDDDDDCCC
847	brand}wagon	CCCCCDCCCCC
848	hetero}jetlagged	CDDDDDDDCCCCCCCC
849	ridiculous}monstrosity	CCCCCCCCDDDDDDDDDDCCCC
850	man}vagina	CCCDDDCCCC
851	tampa}miami	CCDDDDCCCCC
852	korean}pop	CDDDDDDCCC
853	data}surveillance	CCCCDDDDCCCCCCCCC
854	food}baby	CDDDDDCCC
855	camera}recorder	CCCDDDDDDCCCCCC
856	snow}armageddon	CCCCDDDCCCCCCCC
857	aurium}lactate	CCCCDDDDDCCCCC
858	app}obsessed	CCCDDDCCCCCC
859	chair}aerobics	CCCCDDDDCCCCCC
860	accountability}buddy	CCCCCCCCCCCCDDDCCCCC
861	fabulous}eyelash	CCCCCDDDDDDDDCCC
862	awesome}amazing	CCCCDDDDDCCCCCC
863	kill}bulldozer	CCDDDDDCCCCCCC
864	bill}hillary	CDDDDDCCCCCC
865	intelligent}television	CCCCCCCDDDDDDDDDCCCCCC
866	fudge}popsicle	CCCCDDDDDCCCCC
867	games}brainstorming	CCCCDDDDDDDCCCCCCCC
868	guitar}arthritis	CCCCDDDCCCCCCCCC
869	global}obesity	CCDDDDDCCCCCCC
870	delaware}rancocas	CCCDDDDDDCCCDDDDD
871	fake}insta	CDDDDCCCCC
872	prim}sissy	CCDDDDCCCC
873	japan}animation	CCCDDDCCCCCCCCC
874	romo}momentum	CCDDDCCCCCCCC
875	explore}pornography	CCCCDDDDDCCCCCCCCCC
876	micro}college	CCCCDDDCCCCCC
877	balloon}fanatics	CCCCCCCDDDDCCCCC
878	motor}cavalcade	CCCCCDDDDDDCCCC
879	quasistellar}star	CCCCDDDDDDCCDDDDD
880	mexican}nigger	CCCCDDDDCCCCCC
881	destiny}amnesia	CCCCCCDDDDDCCCC
882	precarious}proletariat	CCCCCCCDDDDDDDDDDDDDCC
883	electronic}magazine	CDDDDDDDDDDDDDDCCCC
884	lebron}bum	CCCDDDDDCC
885	fan}magazine	CCCDDDDDCCCC
886	clap}apathy	CCDDDCCCCCC
887	facebook}brag	CCCCCDDDDDCCC
888	swoosh}swastika	CCCCCCDDDDDCCCC
889	incognito}negro	CCCCCCDDDDDCCCC
890	fact}ficticious	CCCCDDCDCDDCCCC
891	triple}biscuit	CCDDDDDDCCCCCC
892	jingle}dangle	CDDDDDDDCCCCC
893	russian}english	CCCCDDDDDDDCCCC
894	facebook}rape	CDDDDDDDDCCCC
895	man}tantrum	CDDDDCCCCCC
896	bride}godzilla	CCCCCDDDDCCCCC
897	beep}epilepsy	CCDDDCCCCCCCC
898	twilight}night	CCCDDDDDDCCCCC
899	consolidated}rail	CCCDDDDDDDDDDCCCC
900	view}humongous	CCCCDDDCCCCCCC
901	later}instagram	CCCCCDDDDDDCCCC
902	nerd}hijacking	CCCCDDDCCCCCCC
903	news}broadcast	CCCCDDDDDDCCCC
904	kiss}virginity	CDDDDDCCCCCCCC
905	bad}radical	CDDDDCCCCCC
906	neverending}referendum	CCCCCCCCDDDDDDDDDDDDCC
907	cellphone}selfish	CCCDDDDDDDDDCCCCC
908	microwave}wait	CCCCCCCDDDDDCC
909	dad}adventure	CDDDCCCCCCCCC
910	heterosexual}normativity	CCCCCCDDDDDDDCCCCCCCCCCC
911	female}bro	CCDDDDDCCC
912	british}comedy	CCCCDDDDCCCDDD
913	california}saratoga	CCCCDDDDDDDCDDDCCCC
914	plant}animal	CCDDDDCCCCCC
915	residue}drool	CCCCCDDDDCCCC
916	weasley}incest	CCCCCCCDDDCCCC
917	slam}ambulance	CCDDDCCCCCCCCC
918	labor}neighborhood	CCDDDDDDDDDCCCCCCC
919	mobile}tone	CCCCDDDCCCC
920	romantic}comedy	CCCDDDDDDCCCDDD
921	beer}delicious	CCCCDDDCCCCCCC
922	teleprinter}exchange	CCCCDDDDDDDDDCDDDDDD
923	chip}striptease	CCDDDDDDCCCCCCC
924	cuddle}relationship	CCCCCCDDDDDDDDDCCCC
925	potato}tomato	CDDDDDDDCCCCC
926	man}alimony	CCCDDCCCCCC
927	dry}ice	CCDDCCC
928	pixel}vigilante	CCCCCDDDDDDCCCC
929	lullaby}buoy	CCCCCCDDDCCC
930	decor}exorcize	CCCDDDDDCCCCCC
931	waite}rose	CCCCDDCCCC
932	balanced}unbalanced	CCCDDDDDDCCDDDDDDDD
933	him}insomnia	CCCDDDCCCCCC
934	spill}million	CCDDDDDCCCCCC
935	butterfly}flump	CCCCCCCCDDDDCCC
936	screen}snapshot	CCCCCCDDDDDCCCC
937	situation}comedy	CCCDDDDDDDCCCDDD
938	arbor}literati	CCCDDDDDDCCCCC
939	chav}fantastic	CCCCDDDDCCCCCC
940	slang}linguistics	CCCDDDDDCCCCCCCCC
941	narcissist}stick	CCCCCCCCCCDDDCCC
942	non}apology	CCCDDCCCCCC
943	goal}ultimate	CCCDDDCCCCCCC
944	birthday}christmas	CCCCCDDDDDDDDDDCCC
945	stalker}fan	CCCDDDDDDDC
946	eye}violating	CCCDDDCCCCCCC
947	ipod}peeper	CDDDDCCCCCC
948	trump}pumpkin	CCDDDDDCCCCCC
949	ultraportable}notebook	CCCCCDDDDDDDDDDDDDCCCC
950	blot}hotch	CCCCDDDDCC
951	wiki}citizen	CCCCDDDDDCCC
952	cabaret}renaissance	CCCCDDDDCCCCCCCCCCC
953	bluetooth}tool	CCCCCCCDDDDDDC
954	squirrel}kitten	CCCDDDDDDDCCCCC
955	digital}camera	CCCCDDDDCCCDDD
956	drink}marathon	CCCCCDDDDCCCCC
957	thin}inspiration	CCDDDCCCCCCCCCCC
958	confused}puzzled	CCCCDDDDDDCCCCCC
959	mutual}exclusion	CCCDDDDCCDDDDDDD
960	volcano}smog	CCDDDDDDDDDC
961	bachman}eyes	CCCCCDDDCCCC
962	strategy}tragedy	CDDDDDDDDCCCCCCC
963	boy}conversation	CCCDCCCDDDDDDDDD
964	economics}metric	CCCCCCDDDDDCCCCC
965	medical}care	CCCCCCDDDDCC
966	international}network	CCCCCCDDDDDDDDDCCDDDD
967	fucking}retard	CCCCDDDDDDCCCC
968	anticipation}disappointment	CCCCCCDDDDDDDDDDDDCCCCCCCCC
969	sarcasm}catastrophe	CCCCDDDDDDDCCCCCCCC
970	rune}landscape	CCCCDDDDDCCCCC
971	capsule}communicator	CCCDDDDDCCCDDDDDDDDD
972	vegan}evangelical	CCCDDDCCCCCCCCCCC
973	damn}fantastic	CCCDDDDCCCCCCC
974	neighbor}internet	CCCCCCCCDDDDDDCCC
975	croissant}sandwich	CCCCCCCCDDDDDCCCCC
976	mechanics}electronics	CCCCCDDDDDDDDDCCCCCCC
977	screw}souvenir	CCCCCDDDDCCCCC
978	run}nasty	CCDDCCCCC
979	agnostic}optimist	CCCDDDDDDCCCCCCCC
980	bonnie}damon	CDDDDDDDCCCC
981	against}say	DCCCCCDDDCC
982	robotic}call	CCCCDDDDCCCC
983	ass}osmosis	CCDDDCCCCCC
984	car}armageddon	CDDDCCCCCCCCCC
985	creepy}people	CCDDDDDDCCCCC
986	snack}sacrifice	CCCCCDDDDCCCCCC
987	flounce}blunder	CCCCCDDDDDDDCCC
988	bitch}explosion	CCCCCDDDCCCCCCC
989	rag}magazine	CCCDDDCCCCCC
990	try}difficult	CCDDDCCCCCCCC
991	man}menstruation	CCDDDDCCCCDCCCCC
992	charity}mugger	CCDDDDDDDCCCCC
993	black}pakistani	CCCCDDDDCCCCCCC
994	tanganyika}zanzibar	CCCDDDDDDDDCCCDCDCD
995	pine}dinosaur	CCCCDDDDCCCCC
996	jew}afro	CCCDDCCC
997	guitar}ukulele	CCCCCDDDDDCCCC
998	blob}object	CCDDDCCCCCC
999	melancholy}alcoholic	CCCCCCCCCDDDDDDDDDCC
1000	nuclear}electronic	CCCCCDDDDDDDDDCCCC
1001	simultaneous}broadcast	CCCCCDDDDDDDDDDDDDCCCC
1002	kinetic}connection	CCCCDDDDDDDDDCCDDD
1003	napthene}palmitate	CCDDDDDDDCCCCDDDDD
1004	faux}apology	CCCCDDCCCCCC
1005	argument}minimum	CCCDDDDDDCCCDDDD
1006	loop}circular	CCCCDDDDDCCCC
1007	brag}explaining	CCCCDDDCCCCCCCC
1008	yell}cellular	CDDDDDCCCCCCC
1009	web}extrovert	CCCDDDCCCCCCC
1010	hillary}bot	CCCCDDDDCCC
1011	castle}asteroid	CCCCCCDDDDDCCCC
1012	medical}marijuana	CCCDDDDDDDDCCCCCC
1013	britain}exit	CCDDDDDDCCCC
1014	instagram}glam	CCCCCCDDDDDCCC
1015	lag}faggot	CDDDDCCCCC
1016	snow}ice	CCDDDCCC
1017	biographical}picture	CCCDDDDDDDDDDCCCDDDD
1018	return}offshoring	CCDDDDDDDDCCCCCCC
1019	america}track	CCDDDDDDCCCDC
1020	sass}asshole	CDDDDCCCCCCC
1021	email}address	CDDDDDDDCCCCC
1022	lin}insanity	CDDDCCCCCCCC
1023	rack}acne	CDDDDCCCC
1024	television}photogenic	CCCCDDDDDDDDDDDDCCCCC
1025	you}universe	CCDDCCCCCCCC
1026	digital}evolve	CCCCDDDDDCCCCC
1027	minimum}maximum	CCCCCDDDDCCDDDD
1028	admin}nazi	CCCCCDDCCC
1029	gay}gamer	CCCDDDCCC
1030	permanent}frost	CCCCCDDDDDCCCCC
1031	ned}alexis	CDDDDDCCCC
1032	biology}electronic	CCDDDDDDDDDDDDCCCC
1033	telephone}marketing	CCCCDDDDDDCCCCCCCCC
1034	fang}gore	CCCCDDCCC
1035	croissant}donut	CCDDDDDDDDDCCCC
1036	boxing}records	CCCDDDDCCCDDDD
1037	proteins}genome	CCCCCDDDDDDDCCC
1038	multitude}dude	CCCCCDDDDDCCCC
1039	fear}erection	CCCDDDCCCCCCC
1040	jew}threesome	CCCDDDDDDCCCC
1041	amazing}awesome	CCCCDDDDDDDDCCC
1042	canadian}woodlands	CCCDDDDDDCCCCDDDDD
1043	mexico}california	CCCDDDDDDDCCCCCCC
1044	agreement}threesome	CCDDDDDDDDDDCCCCCCC
1045	foreplay}ploy	CCCCCCDDDDDCC
1046	malapropism}portmanteau	CCCCDDDDDDDDDDDDCCCCCCC
1047	chump}championship	CCCDDDDDDCCCCCCCCC
1048	fiction}commercial	CCCCDCDDDDDCCCCCCC
1049	slack}academic	CCCCCDDDCCCCCC
1050	aerosol}soul	CCCCCCDDDDCC
1051	executive}babble	CCCCCDDDDDCCCCCC
1052	croissant}doughnut	CCCDDDDDDDDDDDDCCC
1053	google}alzheimer	CCCCCCDDDDCCCCCC
1054	corporation}complaining	CCCDDDDDDDDDDDDCCCCCCCC
1055	cyber}librarian	CCDDDDDDCCCCCCC
1056	jew}lutheran	CCCDDDCCCCCC
1057	interior}landscape	CCDDDDDDDDDDDCCCCC
1058	kroger}yogurt	CCCCCCDDDDDDC
1059	negative}attitude	CCCCCDDDDDDDDDCCC
1060	automatic}tune	CCCCDDDDDDCCCC
1061	anger}aneurysm	CCCDDDDDCCCCCC
1062	academic}trampoline	CCCDDDDDDCCCCCDDDDD
1063	dormitory}automobile	CCCDDDDDDDDDDDCCCCCC
1064	situational}comedy	CCCDDDDDDDDDCCCDDD
1065	month}anniversary	CCCCCDDDDCCCCCCCC
1066	frappe}cappucino	CCDDDDDDCCCCCCCC
1067	tea}coffee	CCCDDDCCCC
1068	republican}democrat	CCCCCCCCDDDDDDDDCCC
1069	cunt}explaining	CCCCDDDCCCCCCCC
1070	diabetes}obesity	CCCDDDDDDDCCCCCC
1071	tired}angry	CDDDDDCCCCC
1072	arpa}network	CCCCDCCCDDDD
1073	request}question	CCDDDDDDCCCCCCCC
1074	class}auditorium	CCCCCDDDDCCCCCCC
1075	pod}pedestrian	CCDDDDCCCCCCCC
1076	frozen}yogurt	CCDDDDDDCCCCC
1077	jizz}disney	CCCCDDDDCCC
