	word	label	class
0	4H	0	ACRONYMS
1	4WD	0	ACRONYMS
2	A3	0	ACRONYMS
3	A.-A.	0	ACRONYMS
4	ABC	0	ACRONYMS
5	AC	0	ACRONYMS
6	A.D.C.	0	ACRONYMS
7	AFK	0	ACRONYMS
8	afk	0	ACRONYMS
9	AI	0	ACRONYMS
10	AID	0	ACRONYMS
11	AIDS	0	ACRONYMS
12	Aids	0	ACRONYMS
13	AIM	0	ACRONYMS
14	A.-G.	0	ACRONYMS
15	AKA	0	ACRONYMS
16	Aka	0	ACRONYMS
17	aka	0	ACRONYMS
18	ALLEGRO	0	ACRONYMS
19	a.m.	0	ACRONYMS
20	AMESLAN	0	ACRONYMS
21	AOL	0	ACRONYMS
22	ARCA	0	ACRONYMS
23	A.S.A.P.	0	ACRONYMS
24	ASAP	0	ACRONYMS
25	a.s.a.p.	0	ACRONYMS
26	ASBO	0	ACRONYMS
27	ASCII	0	ACRONYMS
28	ASL	0	ACRONYMS
29	ASLEF	0	ACRONYMS
30	ASP	0	ACRONYMS
31	A/S.R.S.	0	ACRONYMS
32	A.T.&T.	0	ACRONYMS
33	AVW	0	ACRONYMS
34	A.W.O.L.	0	ACRONYMS
35	AWOL	0	ACRONYMS
36	awol	0	ACRONYMS
37	B.A.	0	ACRONYMS
38	BAFTA	0	ACRONYMS
39	BANANA	0	ACRONYMS
40	B. and S.	0	ACRONYMS
41	BASIC	0	ACRONYMS
42	B.B.C.	0	ACRONYMS
43	BBC	0	ACRONYMS
44	B.C.E.	0	ACRONYMS
45	b. & b.	0	ACRONYMS
46	Benelux	0	ACRONYMS
47	B.L.	0	ACRONYMS
48	BLT	0	ACRONYMS
49	BOAT	0	ACRONYMS
50	BORAX	0	ACRONYMS
51	BRB	0	ACRONYMS
52	B.S.	0	ACRONYMS
53	BTEC	0	ACRONYMS
54	BYOB	0	ACRONYMS
55	CAB	0	ACRONYMS
56	CAD	0	ACRONYMS
57	CAE	0	ACRONYMS
58	CALIPSO	0	ACRONYMS
59	CARE	0	ACRONYMS
60	CAVE	0	ACRONYMS
61	CD	0	ACRONYMS
62	CD-ROM	0	ACRONYMS
63	CERCLA	0	ACRONYMS
64	C. & W.	0	ACRONYMS
65	CFI	0	ACRONYMS
66	CI	0	ACRONYMS
67	CIA	0	ACRONYMS
68	C. in C.	0	ACRONYMS
69	C.O.D.	0	ACRONYMS
70	C. of A.	0	ACRONYMS
71	C. of E.	0	ACRONYMS
72	COLA	0	ACRONYMS
73	CORE	0	ACRONYMS
74	CRIIGEN	0	ACRONYMS
75	c.v.	0	ACRONYMS
76	CVA	0	ACRONYMS
77	CWOT	0	ACRONYMS
78	d and p	0	ACRONYMS
79	DAT	0	ACRONYMS
80	D.B.S.	0	ACRONYMS
81	DC	0	ACRONYMS
82	dinkie/-y	0	ACRONYMS
83	DIY	0	ACRONYMS
84	D.J.	0	ACRONYMS
85	DJ	0	ACRONYMS
86	DL	0	ACRONYMS
87	DNA	0	ACRONYMS
88	DORA	0	ACRONYMS
89	Dora	0	ACRONYMS
90	DOS	0	ACRONYMS
91	DRAM	0	ACRONYMS
92	EBD	0	ACRONYMS
93	ECB	0	ACRONYMS
94	EEC	0	ACRONYMS
95	e.g.	0	ACRONYMS
96	ESL	0	ACRONYMS
97	ESPRIT	0	ACRONYMS
98	Eto	0	ACRONYMS
99	Euratom	0	ACRONYMS
100	FAQ	0	ACRONYMS
101	F.B.I.	0	ACRONYMS
102	FBI	0	ACRONYMS
103	FC	0	ACRONYMS
104	F.I.N.E.	0	ACRONYMS
105	FIV	0	ACRONYMS
106	FLOTUS	0	ACRONYMS
107	FNMA	0	ACRONYMS
108	FoaF	0	ACRONYMS
109	FOB	0	ACRONYMS
110	fob	0	ACRONYMS
111	Footsie	0	ACRONYMS
112	FREE	0	ACRONYMS
113	FSA	0	ACRONYMS
114	FUSE	0	ACRONYMS
115	FYI	0	ACRONYMS
116	G5	0	ACRONYMS
117	G10	0	ACRONYMS
118	G.A.S.G.A.S.G.A.S.	0	ACRONYMS
119	GCSE	0	ACRONYMS
120	GDP	0	ACRONYMS
121	GFHL	0	ACRONYMS
122	GHOST	0	ACRONYMS
123	GMO	0	ACRONYMS
124	GMT	0	ACRONYMS
125	GOP	0	ACRONYMS
126	GP	0	ACRONYMS
127	HIG?	0	ACRONYMS
128	HIV-1	0	ACRONYMS
129	HIV-2	0	ACRONYMS
130	HOPE	0	ACRONYMS
131	HoReCa	0	ACRONYMS
132	HTLV-1	0	ACRONYMS
133	HTLV-2	0	ACRONYMS
134	HTML	0	ACRONYMS
135	Humvee	0	ACRONYMS
136	HVAC	0	ACRONYMS
137	ICA	0	ACRONYMS
138	i.e.	0	ACRONYMS
139	IMHO	0	ACRONYMS
140	INSET	0	ACRONYMS
141	I/O	0	ACRONYMS
142	IPA	0	ACRONYMS
143	IWC	0	ACRONYMS
144	J.C.	0	ACRONYMS
145	JFK	0	ACRONYMS
146	JIC	0	ACRONYMS
147	JPEG	0	ACRONYMS
148	LA	0	ACRONYMS
149	LAB	0	ACRONYMS
150	ladar	0	ACRONYMS
151	LAME	0	ACRONYMS
152	laser	0	ACRONYMS
153	lem	0	ACRONYMS
154	LH	0	ACRONYMS
155	LIFE	0	ACRONYMS
156	LOL	0	ACRONYMS
157	MACHO	0	ACRONYMS
158	MAE	0	ACRONYMS
159	MAFF	0	ACRONYMS
160	MANIAC	0	ACRONYMS
161	M.C.	0	ACRONYMS
162	MEGO	0	ACRONYMS
163	MIDI	0	ACRONYMS
164	MILF	0	ACRONYMS
165	MISHAP	0	ACRONYMS
166	mms	0	ACRONYMS
167	MO	0	ACRONYMS
168	MOT	0	ACRONYMS
169	M.P.	0	ACRONYMS
170	MP	0	ACRONYMS
171	MPEG	0	ACRONYMS
172	MS-DOS	0	ACRONYMS
173	MUF	0	ACRONYMS
174	mung	0	ACRONYMS
175	N/A	0	ACRONYMS
176	NACRO	0	ACRONYMS
177	NASA	0	ACRONYMS
178	NASDAQ	0	ACRONYMS
179	N.A.T.O.	0	ACRONYMS
180	NATO	0	ACRONYMS
181	Nato	0	ACRONYMS
182	NBC	0	ACRONYMS
183	NC-17	0	ACRONYMS
184	NDP	0	ACRONYMS
185	Ned	0	ACRONYMS
186	NFT	0	ACRONYMS
187	NHS	0	ACRONYMS
188	NIMBY	0	ACRONYMS
189	Nimby	0	ACRONYMS
190	nimby	0	ACRONYMS
191	NORAD	0	ACRONYMS
192	NOTAR	0	ACRONYMS
193	NOW	0	ACRONYMS
194	NRDC	0	ACRONYMS
195	n/s	0	ACRONYMS
196	NSAID	0	ACRONYMS
197	NWAVE	0	ACRONYMS
198	NYC	0	ACRONYMS
199	O. and M.	0	ACRONYMS
200	OD	0	ACRONYMS
201	OED	0	ACRONYMS
202	OFFER	0	ACRONYMS
203	OHMS	0	ACRONYMS
204	O.K.	0	ACRONYMS
205	OTE	0	ACRONYMS
206	OTT	0	ACRONYMS
207	PACE	0	ACRONYMS
208	PAL	0	ACRONYMS
209	PB & J	0	ACRONYMS
210	PC	0	ACRONYMS
211	pc	0	ACRONYMS
212	P. & O.	0	ACRONYMS
213	PETA	0	ACRONYMS
214	PG-13	0	ACRONYMS
215	PIN	0	ACRONYMS
216	p.m.	0	ACRONYMS
217	POG	0	ACRONYMS
218	POTUS	0	ACRONYMS
219	PUSH	0	ACRONYMS
220	p-y-o	0	ACRONYMS
221	Q and A	0	ACRONYMS
222	radar	0	ACRONYMS
223	RAF	0	ACRONYMS
224	Raf	0	ACRONYMS
225	RAM	0	ACRONYMS
226	RASC	0	ACRONYMS
227	REACT	0	ACRONYMS
228	R&D	0	ACRONYMS
229	RHIP	0	ACRONYMS
230	RNA	0	ACRONYMS
231	r'n'b	0	ACRONYMS
232	r'n'r	0	ACRONYMS
233	ROTC	0	ACRONYMS
234	SAD	0	ACRONYMS
235	SALT	0	ACRONYMS
236	SARAH	0	ACRONYMS
237	Satcoma	0	ACRONYMS
238	SCSI	0	ACRONYMS
239	scuba	0	ACRONYMS
240	S/E	0	ACRONYMS
241	SETI	0	ACRONYMS
242	SF	0	ACRONYMS
243	S.F.T.P.O.D.R.A.B.	0	ACRONYMS
244	SHAPE	0	ACRONYMS
245	SIDS	0	ACRONYMS
246	SLEEP	0	ACRONYMS
247	SLRF	0	ACRONYMS
248	SMART	0	ACRONYMS
249	SMILE	0	ACRONYMS
250	SMS	0	ACRONYMS
251	sms	0	ACRONYMS
252	snafu	0	ACRONYMS
253	SNCC	0	ACRONYMS
254	SNP	0	ACRONYMS
255	S. of S.	0	ACRONYMS
256	SOP	0	ACRONYMS
257	S-R	0	ACRONYMS
258	START	0	ACRONYMS
259	SUV	0	ACRONYMS
260	SWOT	0	ACRONYMS
261	TBI	0	ACRONYMS
262	T. & A.	0	ACRONYMS
263	TEFL	0	ACRONYMS
264	TESSA	0	ACRONYMS
265	TGIF	0	ACRONYMS
266	TOEFL	0	ACRONYMS
267	TOP	0	ACRONYMS
268	TTFN	0	ACRONYMS
269	TTIC	0	ACRONYMS
270	U.F.O.	0	ACRONYMS
271	UFO	0	ACRONYMS
272	Ufo	0	ACRONYMS
273	ufo	0	ACRONYMS
274	UK	0	ACRONYMS
275	UN	0	ACRONYMS
276	UNESCO	0	ACRONYMS
277	UNHCR	0	ACRONYMS
278	Unicef	0	ACRONYMS
279	Univac	0	ACRONYMS
280	UNSC	0	ACRONYMS
281	URL	0	ACRONYMS
282	U.S.A.	0	ACRONYMS
283	USA	0	ACRONYMS
284	U.S. of A.	0	ACRONYMS
285	U.S.	0	ACRONYMS
286	US	0	ACRONYMS
287	USAMSMADHS	0	ACRONYMS
288	V. and A.	0	ACRONYMS
289	VAT	0	ACRONYMS
290	vat	0	ACRONYMS
291	VCR	0	ACRONYMS
292	V.I.P.	0	ACRONYMS
293	VIP	0	ACRONYMS
294	vip	0	ACRONYMS
295	V.J.	0	ACRONYMS
296	VP	0	ACRONYMS
297	WAGs	0	ACRONYMS
298	WASP	0	ACRONYMS
299	WH	0	ACRONYMS
300	WHO	0	ACRONYMS
301	Woof	0	ACRONYMS
302	WREN	0	ACRONYMS
303	W/T	0	ACRONYMS
304	WTC 9/11	0	ACRONYMS
305	WTO	0	ACRONYMS
306	Wysiwyg	0	ACRONYMS
307	YAVIS	0	ACRONYMS
308	YMCA	0	ACRONYMS
309	yuppie	0	ACRONYMS
310	ZPG	0	ACRONYMS
311	Abra CaBubble	1	BLENDS
312	absotively	1	BLENDS
313	acetal	1	BLENDS
314	adorapresh	1	BLENDS
315	adorkable	1	BLENDS
316	advertainment	1	BLENDS
317	aggranoying	1	BLENDS
318	agitprop	1	BLENDS
319	airbrasive	1	BLENDS
320	airobics	1	BLENDS
321	Alcan	1	BLENDS
322	alcoholiday	1	BLENDS
323	alphameric	1	BLENDS
324	alternatuxes	1	BLENDS
325	amajor	1	BLENDS
326	ambisextrous	1	BLENDS
327	Amerind	1	BLENDS
328	Amerindian	1	BLENDS
329	amping	1	BLENDS
330	anecdotage	1	BLENDS
331	animule	1	BLENDS
332	appestat	1	BLENDS
333	askility	1	BLENDS
334	astrocity	1	BLENDS
335	attractivating	1	BLENDS
336	autobydography	1	BLENDS
337	automagically	1	BLENDS
338	autopathography	1	BLENDS
339	backronym	1	BLENDS
340	ballute	1	BLENDS
341	bamfuzzle	1	BLENDS
342	banniversary	1	BLENDS
343	baskiceball	1	BLENDS
344	beaulicious	1	BLENDS
345	beefalo	1	BLENDS
346	beefish	1	BLENDS
347	beerios	1	BLENDS
348	Bennifer	1	BLENDS
349	big dame hunter	1	BLENDS
350	bilk	1	BLENDS
351	bisalo	1	BLENDS
352	bisquick	1	BLENDS
353	bit	1	BLENDS
354	Blasian	1	BLENDS
355	blatterature	1	BLENDS
356	blawg	1	BLENDS
357	blaxploitation	1	BLENDS
358	blendalicious	1	BLENDS
359	blog	1	BLENDS
360	blogerrific	1	BLENDS
361	boatel	1	BLENDS
362	bonefisherman	1	BLENDS
363	boost	1	BLENDS
364	bootylicious	1	BLENDS
365	Brangelina	1	BLENDS
366	bridezilla	1	BLENDS
367	broccasion	1	BLENDS
368	broccoflower	1	BLENDS
369	bro-choice	1	BLENDS
370	bro-ing away party	1	BLENDS
372	bro-style	1	BLENDS
373	brotime	1	BLENDS
374	brunch	1	BLENDS
375	Bub'let	1	BLENDS
376	bubblicious	1	BLENDS
377	bulimarexia	1	BLENDS
378	Bullgarita	1	BLENDS
379	bullionaire	1	BLENDS
380	Bullmeister	1	BLENDS
381	burble	1	BLENDS
382	busulfan	1	BLENDS
383	buyography	1	BLENDS
384	cabsat	1	BLENDS
385	Calexico	1	BLENDS
386	californicate	1	BLENDS
387	Californication	1	BLENDS
388	camcorder	1	BLENDS
389	Camford	1	BLENDS
390	camibalistics	1	BLENDS
391	carbecue	1	BLENDS
392	carnibbleous	1	BLENDS
393	cartune	1	BLENDS
394	cat	1	BLENDS
395	cattitude	1	BLENDS
396	cellebrity	1	BLENDS
397	cewebrity	1	BLENDS
398	chatire	1	BLENDS
399	chemagination	1	BLENDS
400	chloral	1	BLENDS
401	chortle	1	BLENDS
402	chunnel	1	BLENDS
403	Churchvelt	1	BLENDS
404	cinemenace	1	BLENDS
405	clandestical	1	BLENDS
406	clandestiny	1	BLENDS
407	cocacolonization	1	BLENDS
408	cockamouse	1	BLENDS
409	compander	1	BLENDS
410	compfusion	1	BLENDS
411	compushity	1	BLENDS
412	confuzzled	1	BLENDS
413	copyleft	1	BLENDS
414	cosmeceuticals	1	BLENDS
415	craptacular	1	BLENDS
417	crazyologist	1	BLENDS
418	criticular	1	BLENDS
419	crunk	1	BLENDS
420	curvessence	1	BLENDS
421	cussnation	1	BLENDS
422	dadzilla	1	BLENDS
423	daffynition	1	BLENDS
424	dancercise	1	BLENDS
425	dawk	1	BLENDS
426	delinguancy	1	BLENDS
427	demopublican	1	BLENDS
428	destarture	1	BLENDS
429	disastrophe	1	BLENDS
430	disgrossting	1	BLENDS
431	dishmobile	1	BLENDS
432	dogbella	1	BLENDS
433	donkophant	1	BLENDS
434	dramedy	1	BLENDS
435	dresshirt	1	BLENDS
436	dumbfound	1	BLENDS
437	earthoon	1	BLENDS
438	earwitness	1	BLENDS
439	e-love	1	BLENDS
440	enshocklopedia	1	BLENDS
441	entreporneur	1	BLENDS
442	eracism	1	BLENDS
443	e-shopping	1	BLENDS
444	Eurasia	1	BLENDS
445	faddition	1	BLENDS
446	familymoon	1	BLENDS
447	fantabulous	1	BLENDS
448	fantasea	1	BLENDS
449	fanzine	1	BLENDS
450	Fedex	1	BLENDS
451	fertigation	1	BLENDS
452	fleep	1	BLENDS
453	floordrobe	1	BLENDS
454	flustrated	1	BLENDS
455	Foolini	1	BLENDS
456	foolosopher	1	BLENDS
457	fortran	1	BLENDS
458	FORTRAN	1	BLENDS
459	Frankenfish	1	BLENDS
460	frappuccino	1	BLENDS
461	frenemies	1	BLENDS
462	Frutopia	1	BLENDS
463	Funderwear	1	BLENDS
464	funtastic	1	BLENDS
465	galumph	1	BLENDS
466	gaydio	1	BLENDS
467	geep	1	BLENDS
468	ginormous	1	BLENDS
469	Girlicious	1	BLENDS
470	glasphalt	1	BLENDS
471	glassteel	1	BLENDS
472	Go-Gurt	1	BLENDS
474	Gorebots	1	BLENDS
475	Governator	1	BLENDS
476	gues	1	BLENDS
477	happenident	1	BLENDS
478	headvertising	1	BLENDS
479	helilift	1	BLENDS
480	hesiflation	1	BLENDS
481	Hungarican	1	BLENDS
482	hurricoon	1	BLENDS
483	infomercial	1	BLENDS
484	infotainment	1	BLENDS
485	insinuendo	1	BLENDS
486	Intelevisionary	1	BLENDS
487	James Bondustry	1	BLENDS
488	Japornimation	1	BLENDS
489	juris-my-dick-tion	1	BLENDS
490	keytainer	1	BLENDS
491	Kittylicious	1	BLENDS
492	kleptoromania	1	BLENDS
493	Kloran	1	BLENDS
494	Kodacolor	1	BLENDS
495	Kongfrontation	1	BLENDS
496	Krustelope	1	BLENDS
498	liger	1	BLENDS
499	linner	1	BLENDS
500	Lipfinity	1	BLENDS
501	maridelic	1	BLENDS
502	Meandertale	1	BLENDS
503	Meanderthal	1	BLENDS
504	medicare	1	BLENDS
505	Mexicali	1	BLENDS
506	millionheiress	1	BLENDS
507	mimsy	1	BLENDS
508	miscevarsitation	1	BLENDS
509	mocamp	1	BLENDS
510	mochaccino	1	BLENDS
511	modem	1	BLENDS
512	moorth	1	BLENDS
513	motel	1	BLENDS
514	mousewife	1	BLENDS
515	Mrssile	1	BLENDS
516	mumzilla	1	BLENDS
517	muppets	1	BLENDS
518	narcoma	1	BLENDS
519	needcessity	1	BLENDS
520	netiquette	1	BLENDS
521	netizen	1	BLENDS
522	numberous	1	BLENDS
523	Obamanomics	1	BLENDS
524	octopush	1	BLENDS
525	opinion	1	BLENDS
526	Optronic	1	BLENDS
527	osteopornosis	1	BLENDS
528	Oxbridge	1	BLENDS
529	palimony	1	BLENDS
530	Palmolive	1	BLENDS
531	pantdress	1	BLENDS
532	paratroops	1	BLENDS
533	Perma-Gel	1	BLENDS
534	pessimystic	1	BLENDS
535	Petcetera	1	BLENDS
536	Pictionary	1	BLENDS
537	pixel	1	BLENDS
538	plot boiler	1	BLENDS
539	pollutician	1	BLENDS
540	pomato	1	BLENDS
541	popocrat	1	BLENDS
542	portalight	1	BLENDS
543	porta-play	1	BLENDS
544	posilutely	1	BLENDS
545	psychedelicatessen	1	BLENDS
546	Psychedelphia	1	BLENDS
547	psychergy	1	BLENDS
548	pursonality	1	BLENDS
549	racqueteer	1	BLENDS
550	rapidry	1	BLENDS
551	rat-a-tattoo	1	BLENDS
552	rendezwoo	1	BLENDS
553	ridonculous	1	BLENDS
554	ridonk	1	BLENDS
555	robomb	1	BLENDS
556	Rotavator	1	BLENDS
557	scandicalous	1	BLENDS
558	screamager	1	BLENDS
559	Sensi-Temp	1	BLENDS
560	sexpert	1	BLENDS
561	sexploitation	1	BLENDS
562	sexretary	1	BLENDS
563	shampagne	1	BLENDS
564	Sherminator	1	BLENDS
565	shoat	1	BLENDS
566	sial	1	BLENDS
567	Simflex	1	BLENDS
568	sinema	1	BLENDS
569	slanguage	1	BLENDS
570	slithy	1	BLENDS
571	smink	1	BLENDS
572	smog	1	BLENDS
573	snappetizer	1	BLENDS
574	snark	1	BLENDS
575	snobject	1	BLENDS
576	soundsational	1	BLENDS
577	Spanglish	1	BLENDS
578	spudtacular	1	BLENDS
579	staycation	1	BLENDS
580	steelionaire	1	BLENDS
581	sterecorder	1	BLENDS
582	stocks	1	BLENDS
583	stoveinkerator	1	BLENDS
584	stripteuse	1	BLENDS
585	sugly	1	BLENDS
586	suspose	1	BLENDS
587	swacket	1	BLENDS
588	swellegant	1	BLENDS
589	tangemon	1	BLENDS
590	telecast	1	BLENDS
591	telex	1	BLENDS
592	Texaco	1	BLENDS
593	Thankstini	1	BLENDS
594	The Big Wiesy	1	BLENDS
595	tigon	1	BLENDS
596	TomKat	1	BLENDS
597	torrible	1	BLENDS
598	transceiver	1	BLENDS
599	UNomatopoeia	1	BLENDS
600	veggie-Q	1	BLENDS
601	Vietvet	1	BLENDS
602	viewshed	1	BLENDS
603	vodkatini	1	BLENDS
604	wargasm	1	BLENDS
605	Wheatables	1	BLENDS
606	windowall	1	BLENDS
607	wintertainment	1	BLENDS
608	wordrobe	1	BLENDS
609	Yobaby	1	BLENDS
610	zebrule	1	BLENDS
611	zedonk	1	BLENDS
612	zonkey	1	BLENDS
613	Ziposium	1	BLENDS
614	Abe	2	CLIPPINGS
615	ad	2	CLIPPINGS
616	ad	2	CLIPPINGS
617	advert	2	CLIPPINGS
618	addy	2	CLIPPINGS
619	ade	2	CLIPPINGS
620	ADG	2	CLIPPINGS
621	adman	2	CLIPPINGS
622	admin	2	CLIPPINGS
623	adv	2	CLIPPINGS
624	afish	2	CLIPPINGS
625	after	2	CLIPPINGS
626	Ag	2	CLIPPINGS
627	aggro	2	CLIPPINGS
628	Al	2	CLIPPINGS
629	alky	2	CLIPPINGS
630	ambo	2	CLIPPINGS
631	ammo	2	CLIPPINGS
632	amp	2	CLIPPINGS
633	ana	2	CLIPPINGS
634	Andy	2	CLIPPINGS
635	Angie	2	CLIPPINGS
636	anon	2	CLIPPINGS
637	anthro	2	CLIPPINGS
638	app	2	CLIPPINGS
639	Archie	2	CLIPPINGS
640	Argie	2	CLIPPINGS
641	arvo	2	CLIPPINGS
642	Aussie	2	CLIPPINGS
643	auto	2	CLIPPINGS
644	Ave	2	CLIPPINGS
645	Babs	2	CLIPPINGS
646	Babbie	2	CLIPPINGS
647	baccy	2	CLIPPINGS
648	backstitution	2	CLIPPINGS
649	Barb	2	CLIPPINGS
650	Barbie	2	CLIPPINGS
651	barbie	2	CLIPPINGS
652	Bart	2	CLIPPINGS
653	bathers	2	CLIPPINGS
654	beano	2	CLIPPINGS
655	bedder	2	CLIPPINGS
656	bed-sitter	2	CLIPPINGS
657	Beeb	2	CLIPPINGS
658	Belle	2	CLIPPINGS
659	benny	2	CLIPPINGS
660	berg	2	CLIPPINGS
661	bermies	2	CLIPPINGS
662	Bernie	2	CLIPPINGS
663	Bert	2	CLIPPINGS
664	Bertie	2	CLIPPINGS
665	bet	2	CLIPPINGS
666	Bet	2	CLIPPINGS
667	Beth	2	CLIPPINGS
668	Betty	2	CLIPPINGS
669	Bes	2	CLIPPINGS
670	bevie	2	CLIPPINGS
671	bevvy	2	CLIPPINGS
672	B-girl	2	CLIPPINGS
673	B'ham	2	CLIPPINGS
674	bi	2	CLIPPINGS
675	bib	2	CLIPPINGS
676	biccy	2	CLIPPINGS
677	bike	2	CLIPPINGS
678	bikie	2	CLIPPINGS
679	billies	2	CLIPPINGS
680	binos	2	CLIPPINGS
681	biopic	2	CLIPPINGS
682	biz	2	CLIPPINGS
683	bldg	2	CLIPPINGS
684	boatie	2	CLIPPINGS
685	Bob	2	CLIPPINGS
686	bodbiz	2	CLIPPINGS
687	Bogey	2	CLIPPINGS
688	Boney	2	CLIPPINGS
689	Bonny	2	CLIPPINGS
690	boob	2	CLIPPINGS
691	bot	2	CLIPPINGS
692	Bozzy	2	CLIPPINGS
693	bra	2	CLIPPINGS
694	breathalyser	2	CLIPPINGS
695	brekker	2	CLIPPINGS
696	brill	2	CLIPPINGS
697	bro	2	CLIPPINGS
698	brolly	2	CLIPPINGS
699	bronc	2	CLIPPINGS
700	bus	2	CLIPPINGS
701	butch	2	CLIPPINGS
702	B-way	2	CLIPPINGS
703	c.	2	CLIPPINGS
704	CA	2	CLIPPINGS
705	cab	2	CLIPPINGS
706	Caddie/-y	2	CLIPPINGS
707	caf	2	CLIPPINGS
708	caff	2	CLIPPINGS
709	cam	2	CLIPPINGS
710	camo	2	CLIPPINGS
711	cap	2	CLIPPINGS
712	capital	2	CLIPPINGS
713	caps	2	CLIPPINGS
714	cardi	2	CLIPPINGS
715	cardie	2	CLIPPINGS
716	carny	2	CLIPPINGS
717	Catho	2	CLIPPINGS
718	'cause	2	CLIPPINGS
719	'cos	2	CLIPPINGS
720	cos	2	CLIPPINGS
721	celebs	2	CLIPPINGS
722	cell phone	2	CLIPPINGS
723	cello	2	CLIPPINGS
724	celly	2	CLIPPINGS
725	'cept	2	CLIPPINGS
726	champers	2	CLIPPINGS
727	shampers	2	CLIPPINGS
728	Charlie	2	CLIPPINGS
729	chemo	2	CLIPPINGS
730	Chevy	2	CLIPPINGS
731	Chicom	2	CLIPPINGS
732	chippie/-y	2	CLIPPINGS
733	choke	2	CLIPPINGS
734	Chrissie	2	CLIPPINGS
735	chute	2	CLIPPINGS
736	cig	2	CLIPPINGS
737	ciggie/-y	2	CLIPPINGS
738	civvies	2	CLIPPINGS
739	coke	2	CLIPPINGS
740	collekkers	2	CLIPPINGS
741	combo	2	CLIPPINGS
742	comfy	2	CLIPPINGS
743	Commie	2	CLIPPINGS
744	Commo	2	CLIPPINGS
745	common	2	CLIPPINGS
746	comp	2	CLIPPINGS
747	compo	2	CLIPPINGS
748	Comsymp	2	CLIPPINGS
749	condo	2	CLIPPINGS
750	congrats	2	CLIPPINGS
751	conlang	2	CLIPPINGS
752	coon	2	CLIPPINGS
753	copter	2	CLIPPINGS
754	corp	2	CLIPPINGS
755	cortisone	2	CLIPPINGS
756	cozzie	2	CLIPPINGS
757	cred	2	CLIPPINGS
758	credie	2	CLIPPINGS
759	crim	2	CLIPPINGS
760	croc	2	CLIPPINGS
761	cruits	2	CLIPPINGS
762	'cruits	2	CLIPPINGS
763	C-section	2	CLIPPINGS
764	cuke	2	CLIPPINGS
765	curio	2	CLIPPINGS
766	cute	2	CLIPPINGS
767	cutie/-ey	2	CLIPPINGS
768	cuz	2	CLIPPINGS
769	cyborg	2	CLIPPINGS
770	darl	2	CLIPPINGS
771	deb	2	CLIPPINGS
772	Debby	2	CLIPPINGS
773	decaf	2	CLIPPINGS
774	de-caff	2	CLIPPINGS
775	'deed	2	CLIPPINGS
776	deets	2	CLIPPINGS
777	def	2	CLIPPINGS
778	defs	2	CLIPPINGS
779	deli	2	CLIPPINGS
780	delish	2	CLIPPINGS
781	Dem	2	CLIPPINGS
782	dem	2	CLIPPINGS
783	demo	2	CLIPPINGS
784	des res	2	CLIPPINGS
785	dif	2	CLIPPINGS
786	digi cabes	2	CLIPPINGS
787	dino	2	CLIPPINGS
788	dis	2	CLIPPINGS
789	disco	2	CLIPPINGS
790	divi.	2	CLIPPINGS
791	divvy	2	CLIPPINGS
792	Dizzy	2	CLIPPINGS
793	dlr	2	CLIPPINGS
794	doc	2	CLIPPINGS
795	Dol	2	CLIPPINGS
796	Dolph	2	CLIPPINGS
797	Dora	2	CLIPPINGS
798	dorm	2	CLIPPINGS
799	droid	2	CLIPPINGS
800	druggie	2	CLIPPINGS
801	E. coli	2	CLIPPINGS
802	edbiz	2	CLIPPINGS
803	ekker	2	CLIPPINGS
804	emo	2	CLIPPINGS
805	Eve	2	CLIPPINGS
806	evo-devo	2	CLIPPINGS
807	ex	2	CLIPPINGS
808	exam	2	CLIPPINGS
809	exec	2	CLIPPINGS
810	fab	2	CLIPPINGS
811	fag	2	CLIPPINGS
812	fam dram	2	CLIPPINGS
813	fan	2	CLIPPINGS
814	fanfic	2	CLIPPINGS
815	fash	2	CLIPPINGS
816	fave	2	CLIPPINGS
817	fax	2	CLIPPINGS
818	fem	2	CLIPPINGS
819	fence	2	CLIPPINGS
820	fend	2	CLIPPINGS
821	Fergie	2	CLIPPINGS
822	fess	2	CLIPPINGS
823	'fess	2	CLIPPINGS
824	fiche	2	CLIPPINGS
825	finals	2	CLIPPINGS
826	flex	2	CLIPPINGS
827	Flo	2	CLIPPINGS
828	Floss	2	CLIPPINGS
829	flu	2	CLIPPINGS
830	folkie	2	CLIPPINGS
831	footer	2	CLIPPINGS
832	footie/-y	2	CLIPPINGS
833	'fraid	2	CLIPPINGS
834	frat	2	CLIPPINGS
835	Fred	2	CLIPPINGS
836	fridge	2	CLIPPINGS
837	fries	2	CLIPPINGS
838	'Fro	2	CLIPPINGS
839	fro-yo	2	CLIPPINGS
840	Gail	2	CLIPPINGS
841	'gainst	2	CLIPPINGS
842	garbo	2	CLIPPINGS
843	gas	2	CLIPPINGS
844	gator	2	CLIPPINGS
845	general	2	CLIPPINGS
846	gents	2	CLIPPINGS
847	Gerry	2	CLIPPINGS
848	gin	2	CLIPPINGS
849	glam	2	CLIPPINGS
850	glutes	2	CLIPPINGS
851	goalie	2	CLIPPINGS
852	Gorby	2	CLIPPINGS
853	grad	2	CLIPPINGS
854	grandma	2	CLIPPINGS
855	grannie	2	CLIPPINGS
856	graph	2	CLIPPINGS
857	grotty	2	CLIPPINGS
858	gussie	2	CLIPPINGS
859	gym	2	CLIPPINGS
860	gypsy	2	CLIPPINGS
861	gyppo	2	CLIPPINGS
862	H.	2	CLIPPINGS
863	Hal	2	CLIPPINGS
864	hanky	2	CLIPPINGS
865	hard	2	CLIPPINGS
866	hash	2	CLIPPINGS
867	hetero	2	CLIPPINGS
868	hi-fi	2	CLIPPINGS
869	high-tech	2	CLIPPINGS
870	hippo	2	CLIPPINGS
871	hols	2	CLIPPINGS
872	homo	2	CLIPPINGS
873	Honkers	2	CLIPPINGS
874	HRN	2	CLIPPINGS
875	hubby	2	CLIPPINGS
876	hyper	2	CLIPPINGS
877	ID	2	CLIPPINGS
878	imposs	2	CLIPPINGS
879	inf	2	CLIPPINGS
880	info	2	CLIPPINGS
881	intercom	2	CLIPPINGS
882	intro	2	CLIPPINGS
883	ism	2	CLIPPINGS
884	J. Lo	2	CLIPPINGS
885	jams	2	CLIPPINGS
886	Jeez	2	CLIPPINGS
887	Jo'burg	2	CLIPPINGS
888	jollo	2	CLIPPINGS
889	journo	2	CLIPPINGS
890	Jpn	2	CLIPPINGS
891	jst	2	CLIPPINGS
892	jumbo	2	CLIPPINGS
893	juvie/-ey	2	CLIPPINGS
894	kid-vid	2	CLIPPINGS
895	klepto	2	CLIPPINGS
896	lab	2	CLIPPINGS
897	lat	2	CLIPPINGS
898	'lax	2	CLIPPINGS
899	lax	2	CLIPPINGS
900	leccer	2	CLIPPINGS
901	lecker	2	CLIPPINGS
902	lekker	2	CLIPPINGS
903	leet	2	CLIPPINGS
904	legit	2	CLIPPINGS
905	lesbo	2	CLIPPINGS
906	Lexie	2	CLIPPINGS
907	lib	2	CLIPPINGS
908	limo	2	CLIPPINGS
909	Lisa	2	CLIPPINGS
910	Liz	2	CLIPPINGS
911	Lizzy	2	CLIPPINGS
912	lit crit	2	CLIPPINGS
913	Lizzie/lizzie	2	CLIPPINGS
914	loco	2	CLIPPINGS
915	loid	2	CLIPPINGS
916	Lon	2	CLIPPINGS
917	loony/-ey	2	CLIPPINGS
918	lor	2	CLIPPINGS
919	Ltd	2	CLIPPINGS
920	Lum	2	CLIPPINGS
921	Lom	2	CLIPPINGS
922	lunch	2	CLIPPINGS
923	Lyn	2	CLIPPINGS
924	ma	2	CLIPPINGS
925	mac	2	CLIPPINGS
926	Mac	2	CLIPPINGS
927	mag	2	CLIPPINGS
928	maggie	2	CLIPPINGS
929	maggie/-y	2	CLIPPINGS
930	Mandy	2	CLIPPINGS
931	marvy	2	CLIPPINGS
932	mate	2	CLIPPINGS
933	maths	2	CLIPPINGS
934	matric	2	CLIPPINGS
935	maybs	2	CLIPPINGS
936	mayo	2	CLIPPINGS
937	Mel	2	CLIPPINGS
938	memo	2	CLIPPINGS
939	mend	2	CLIPPINGS
940	mensh	2	CLIPPINGS
941	meth	2	CLIPPINGS
942	Mex	2	CLIPPINGS
943	mgr.	2	CLIPPINGS
944	mia	2	CLIPPINGS
945	midcult	2	CLIPPINGS
946	Mike	2	CLIPPINGS
947	mike	2	CLIPPINGS
948	milko	2	CLIPPINGS
949	mimeo	2	CLIPPINGS
950	misper	2	CLIPPINGS
951	miss	2	CLIPPINGS
952	mizzy	2	CLIPPINGS
953	mob	2	CLIPPINGS
954	mobes	2	CLIPPINGS
955	mobile	2	CLIPPINGS
956	mocs	2	CLIPPINGS
957	mono	2	CLIPPINGS
958	Montie	2	CLIPPINGS
959	movie	2	CLIPPINGS
960	mozzie	2	CLIPPINGS
961	msg	2	CLIPPINGS
962	mum	2	CLIPPINGS
963	mush	2	CLIPPINGS
964	muso	2	CLIPPINGS
965	Musso	2	CLIPPINGS
966	Nam	2	CLIPPINGS
967	nana	2	CLIPPINGS
968	narc	2	CLIPPINGS
969	nark	2	CLIPPINGS
970	Nasho	2	CLIPPINGS
971	natch	2	CLIPPINGS
972	natural	2	CLIPPINGS
973	'neath	2	CLIPPINGS
974	neg	2	CLIPPINGS
975	Net	2	CLIPPINGS
976	Netty	2	CLIPPINGS
977	niff	2	CLIPPINGS
978	nig	2	CLIPPINGS
979	nightie	2	CLIPPINGS
980	nr.	2	CLIPPINGS
981	nuff	2	CLIPPINGS
982	o'er	2	CLIPPINGS
983	offie	2	CLIPPINGS
984	op art	2	CLIPPINGS
985	op	2	CLIPPINGS
986	op-ed	2	CLIPPINGS
987	oppo	2	CLIPPINGS
988	org-man	2	CLIPPINGS
989	p.	2	CLIPPINGS
990	pants	2	CLIPPINGS
991	pash	2	CLIPPINGS
992	Pat	2	CLIPPINGS
993	Patty	2	CLIPPINGS
994	patsy	2	CLIPPINGS
995	pecs	2	CLIPPINGS
996	peeps	2	CLIPPINGS
997	pen	2	CLIPPINGS
998	perm	2	CLIPPINGS
999	perv	2	CLIPPINGS
1000	perve	2	CLIPPINGS
1001	phenom	2	CLIPPINGS
1002	Philly	2	CLIPPINGS
1003	phone	2	CLIPPINGS
1004	photo	2	CLIPPINGS
1005	photog	2	CLIPPINGS
1006	physio	2	CLIPPINGS
1007	piano	2	CLIPPINGS
1008	pic	2	CLIPPINGS
1009	pix	2	CLIPPINGS
1010	pike	2	CLIPPINGS
1011	plane	2	CLIPPINGS
1012	pls	2	CLIPPINGS
1013	ply	2	CLIPPINGS
1014	poke	2	CLIPPINGS
1015	pokies	2	CLIPPINGS
1016	pol	2	CLIPPINGS
1017	pollie	2	CLIPPINGS
1018	polio	2	CLIPPINGS
1019	polly	2	CLIPPINGS
1020	Polly	2	CLIPPINGS
1021	pop	2	CLIPPINGS
1022	porn	2	CLIPPINGS
1023	pornie	2	CLIPPINGS
1024	possum	2	CLIPPINGS
1025	postie	2	CLIPPINGS
1026	ppl	2	CLIPPINGS
1027	pram	2	CLIPPINGS
1028	p'raps	2	CLIPPINGS
1029	preemie	2	CLIPPINGS
1030	prefab	2	CLIPPINGS
1031	preg	2	CLIPPINGS
1032	preggers	2	CLIPPINGS
1033	preggo	2	CLIPPINGS
1034	pre-nup	2	CLIPPINGS
1035	prep	2	CLIPPINGS
1036	prepreg	2	CLIPPINGS
1037	pres	2	CLIPPINGS
1038	primaries	2	CLIPPINGS
1039	pro	2	CLIPPINGS
1040	pro-am	2	CLIPPINGS
1041	probs	2	CLIPPINGS
1042	proctor	2	CLIPPINGS
1043	prof	2	CLIPPINGS
1044	prog	2	CLIPPINGS
1045	promo	2	CLIPPINGS
1046	pros	2	CLIPPINGS
1047	pross	2	CLIPPINGS
1048	Prot	2	CLIPPINGS
1049	psych	2	CLIPPINGS
1050	psycho	2	CLIPPINGS
1051	pub	2	CLIPPINGS
1052	pulmotor	2	CLIPPINGS
1053	quake	2	CLIPPINGS
1054	quasar	2	CLIPPINGS
1055	quiz	2	CLIPPINGS
1056	rad	2	CLIPPINGS
1057	Rasta	2	CLIPPINGS
1058	ref	2	CLIPPINGS
1059	reffo	2	CLIPPINGS
1060	rego	2	CLIPPINGS
1061	rehab	2	CLIPPINGS
1062	rellies	2	CLIPPINGS
1063	rents	2	CLIPPINGS
1064	rgds	2	CLIPPINGS
1065	rhino	2	CLIPPINGS
1066	Rick	2	CLIPPINGS
1067	Richie	2	CLIPPINGS
1068	roach	2	CLIPPINGS
1069	Robbie	2	CLIPPINGS
1070	robbo	2	CLIPPINGS
1071	rom com	2	CLIPPINGS
1072	Ron	2	CLIPPINGS
1073	rugger	2	CLIPPINGS
1074	Sainters	2	CLIPPINGS
1075	Sal	2	CLIPPINGS
1076	Salvo	2	CLIPPINGS
1077	sammo	2	CLIPPINGS
1078	Sandy	2	CLIPPINGS
1079	sarge	2	CLIPPINGS
1080	sausie	2	CLIPPINGS
1081	sax	2	CLIPPINGS
1082	sci-fi	2	CLIPPINGS
1083	Scouse	2	CLIPPINGS
1084	script	2	CLIPPINGS
1085	sec	2	CLIPPINGS
1086	secko	2	CLIPPINGS
1087	secy	2	CLIPPINGS
1088	servo	2	CLIPPINGS
1089	shake	2	CLIPPINGS
1090	sheen	2	CLIPPINGS
1091	Sherry	2	CLIPPINGS
1092	shoppie/-y	2	CLIPPINGS
1093	showbiz	2	CLIPPINGS
1094	shrink	2	CLIPPINGS
1095	siggy	2	CLIPPINGS
1096	sim	2	CLIPPINGS
1097	sis	2	CLIPPINGS
1098	sissy	2	CLIPPINGS
1099	sitcom	2	CLIPPINGS
1100	skin	2	CLIPPINGS
1101	slomo	2	CLIPPINGS
1102	slo-mo	2	CLIPPINGS
1103	smoko	2	CLIPPINGS
1104	soccer	2	CLIPPINGS
1105	socker	2	CLIPPINGS
1106	spag bol	2	CLIPPINGS
1107	spaz	2	CLIPPINGS
1108	spec	2	CLIPPINGS
1109	specs	2	CLIPPINGS
1110	spite	2	CLIPPINGS
1111	spk	2	CLIPPINGS
1112	sport	2	CLIPPINGS
1113	spy	2	CLIPPINGS
1114	sry	2	CLIPPINGS
1115	starkers	2	CLIPPINGS
1116	starko	2	CLIPPINGS
1117	stereo	2	CLIPPINGS
1118	still	2	CLIPPINGS
1119	story	2	CLIPPINGS
1120	strange	2	CLIPPINGS
1121	stude	2	CLIPPINGS
1122	stupe	2	CLIPPINGS
1123	sub	2	CLIPPINGS
1124	Sue	2	CLIPPINGS
1125	sum	2	CLIPPINGS
1126	sunnies	2	CLIPPINGS
1127	surfie	2	CLIPPINGS
1128	swimmers	2	CLIPPINGS
1129	Sydders	2	CLIPPINGS
1130	sysop	2	CLIPPINGS
1131	tab	2	CLIPPINGS
1132	tab show	2	CLIPPINGS
1133	tache	2	CLIPPINGS
1134	talc	2	CLIPPINGS
1135	tard	2	CLIPPINGS
1136	tato	2	CLIPPINGS
1137	tatie	2	CLIPPINGS
1138	tattie	2	CLIPPINGS
1139	taxi	2	CLIPPINGS
1140	taxicab	2	CLIPPINGS
1141	TB	2	CLIPPINGS
1142	tb	2	CLIPPINGS
1143	teach	2	CLIPPINGS
1144	tec	2	CLIPPINGS
1145	tech	2	CLIPPINGS
1146	teen	2	CLIPPINGS
1147	tele	2	CLIPPINGS
1148	telly	2	CLIPPINGS
1149	tempo	2	CLIPPINGS
1150	tend	2	CLIPPINGS
1151	tick	2	CLIPPINGS
1152	Tilda	2	CLIPPINGS
1153	Tish	2	CLIPPINGS
1154	Tom	2	CLIPPINGS
1155	Toria	2	CLIPPINGS
1156	trad	2	CLIPPINGS
1157	trank	2	CLIPPINGS
1158	Trish	2	CLIPPINGS
1159	Trix	2	CLIPPINGS
1160	tu	2	CLIPPINGS
1161	tude	2	CLIPPINGS
1162	turps	2	CLIPPINGS
1163	TV	2	CLIPPINGS
1164	'tween	2	CLIPPINGS
1165	typo	2	CLIPPINGS
1166	U	2	CLIPPINGS
1167	uni	2	CLIPPINGS
1168	U-ey	2	CLIPPINGS
1169	Underground	2	CLIPPINGS
1170	undies	2	CLIPPINGS
1171	vag	2	CLIPPINGS
1172	vamp	2	CLIPPINGS
1173	van	2	CLIPPINGS
1174	varsity	2	CLIPPINGS
1175	vator	2	CLIPPINGS
1176	Vee	2	CLIPPINGS
1177	veg	2	CLIPPINGS
1178	veggie	2	CLIPPINGS
1179	vent	2	CLIPPINGS
1180	venture	2	CLIPPINGS
1181	Ves	2	CLIPPINGS
1182	vet	2	CLIPPINGS
1183	vibes	2	CLIPPINGS
1184	Vicky	2	CLIPPINGS
1185	vry	2	CLIPPINGS
1186	vs.	2	CLIPPINGS
1187	whatevs	2	CLIPPINGS
1188	wi-fi	2	CLIPPINGS
1189	wig	2	CLIPPINGS
1190	wino	2	CLIPPINGS
1191	wk	2	CLIPPINGS
1192	Woolies	2	CLIPPINGS
1193	Wordy	2	CLIPPINGS
1194	Xan	2	CLIPPINGS
1195	Yard	2	CLIPPINGS
1196	za	2	CLIPPINGS
1197	zep	2	CLIPPINGS
1198	zine	2	CLIPPINGS
1199	'zing	2	CLIPPINGS
1200	zoo	2	CLIPPINGS
1201	Andy Wandy	3	REDUPLICATIVES
1202	arf-arf	3	REDUPLICATIVES
1203	argle-bargle	3	REDUPLICATIVES
1204	argy-bargy	3	REDUPLICATIVES
1205	Arsey Darcy	3	REDUPLICATIVES
1206	arsy-versy	3	REDUPLICATIVES
1207	artsy-craftsy	3	REDUPLICATIVES
1208	artsy-fartsy	3	REDUPLICATIVES
1209	arty-farty	3	REDUPLICATIVES
1211	baa-baa	3	REDUPLICATIVES
1212	Bearum Scarum	3	REDUPLICATIVES
1213	beddy-bye	3	REDUPLICATIVES
1214	beri-beri	3	REDUPLICATIVES
1215	bibbity-bob	3	REDUPLICATIVES
1217	bibble-babble	3	REDUPLICATIVES
1218	blib	3	REDUPLICATIVES
1219	bim-bom	3	REDUPLICATIVES
1220	bitsy-witsy	3	REDUPLICATIVES
1221	blah-blah	3	REDUPLICATIVES
1222	Bling Blang	3	REDUPLICATIVES
1223	bling bling	3	REDUPLICATIVES
1224	blish-blash	3	REDUPLICATIVES
1225	boo-boo	3	REDUPLICATIVES
1226	boogie-woogie	3	REDUPLICATIVES
1227	bow-wow	3	REDUPLICATIVES
1228	brittle-brattle	3	REDUPLICATIVES
1229	Bubble Bobble	3	REDUPLICATIVES
1230	buddy-buddy	3	REDUPLICATIVES
1231	bum-bum	3	REDUPLICATIVES
1232	bumpety-bump	3	REDUPLICATIVES
1233	bye-bye	3	REDUPLICATIVES
1234	bye-byes	3	REDUPLICATIVES
1235	ca-ca	3	REDUPLICATIVES
1236	cakey-wakey	3	REDUPLICATIVES
1237	cawdey-mawdey	3	REDUPLICATIVES
1238	cha-cha	3	REDUPLICATIVES
1239	Charlie-parlie	3	REDUPLICATIVES
1240	cherry-churry	3	REDUPLICATIVES
1241	Chick'n Quick	3	REDUPLICATIVES
1242	chick-flick	3	REDUPLICATIVES
1243	chip-chop	3	REDUPLICATIVES
1244	chit-chat	3	REDUPLICATIVES
1245	chitchat	3	REDUPLICATIVES
1246	chitterchatter	3	REDUPLICATIVES
1247	choo-choo	3	REDUPLICATIVES
1248	chop-chop	3	REDUPLICATIVES
1249	chow-chow	3	REDUPLICATIVES
1250	chuff-chuff	3	REDUPLICATIVES
1251	chug-chug	3	REDUPLICATIVES
1252	chug-drug	3	REDUPLICATIVES
1253	clang-clang	3	REDUPLICATIVES
1254	clankety-clank	3	REDUPLICATIVES
1255	clap-trap	3	REDUPLICATIVES
1256	click-clack	3	REDUPLICATIVES
1257	click-click	3	REDUPLICATIVES
1258	clickety-clack	3	REDUPLICATIVES
1259	clickety-click	3	REDUPLICATIVES
1260	clinkety-clank	3	REDUPLICATIVES
1261	clip-clop	3	REDUPLICATIVES
1262	clippety-clop	3	REDUPLICATIVES
1263	clitter-clatter	3	REDUPLICATIVES
1264	clop-clop	3	REDUPLICATIVES
1265	cloppety-clop	3	REDUPLICATIVES
1266	CoCo	3	REDUPLICATIVES
1267	couscous	3	REDUPLICATIVES
1268	creepy-crawly	3	REDUPLICATIVES
1269	Crick Crock	3	REDUPLICATIVES
1270	crick-crack	3	REDUPLICATIVES
1271	Criss Cross	3	REDUPLICATIVES
1272	criss-cross	3	REDUPLICATIVES
1273	culture vulture	3	REDUPLICATIVES
1274	curly-wurly	3	REDUPLICATIVES
1275	curmur	3	REDUPLICATIVES
1276	cushle-mushle	3	REDUPLICATIVES
1277	diary-wiary	3	REDUPLICATIVES
1278	diddle-daddle	3	REDUPLICATIVES
1279	diddle-diddle	3	REDUPLICATIVES
1280	diffy-wiffy	3	REDUPLICATIVES
1281	dilly-dally	3	REDUPLICATIVES
1282	dimber-damber	3	REDUPLICATIVES
1283	din-din	3	REDUPLICATIVES
1284	dingdong	3	REDUPLICATIVES
1285	ding-dong	3	REDUPLICATIVES
1286	dingle-dangle	3	REDUPLICATIVES
1287	dingly dangly	3	REDUPLICATIVES
1288	doo-doo	3	REDUPLICATIVES
1289	drizzle-drazzle	3	REDUPLICATIVES
1290	Ducky Lucky	3	REDUPLICATIVES
1291	dum-dum	3	REDUPLICATIVES
1292	easy-peasy	3	REDUPLICATIVES
1293	eensy-weensy	3	REDUPLICATIVES
1294	even Steven	3	REDUPLICATIVES
1295	even Stephen	3	REDUPLICATIVES
1296	feery-fary	3	REDUPLICATIVES
1297	fender-bender	3	REDUPLICATIVES
1298	fiddle-faddle	3	REDUPLICATIVES
1299	fifty-fifty	3	REDUPLICATIVES
1300	flicflac	3	REDUPLICATIVES
1301	flim-flam	3	REDUPLICATIVES
1302	flip-flap	3	REDUPLICATIVES
1303	flip-flop	3	REDUPLICATIVES
1304	flippy floppy	3	REDUPLICATIVES
1305	flubdub	3	REDUPLICATIVES
1306	footie-footie	3	REDUPLICATIVES
1307	footy-footy	3	REDUPLICATIVES
1308	Foxy Loxy	3	REDUPLICATIVES
1309	frou-frou	3	REDUPLICATIVES
1310	fuddy-duddy	3	REDUPLICATIVES
1311	funny bunny	3	REDUPLICATIVES
1312	fuzzy-wuzzy	3	REDUPLICATIVES
1313	fwuffy wuffy	3	REDUPLICATIVES
1314	gaga	3	REDUPLICATIVES
1315	gale-gale	3	REDUPLICATIVES
1316	gender-bender	3	REDUPLICATIVES
1317	Georgy-Porgy	3	REDUPLICATIVES
1318	gew-gaw	3	REDUPLICATIVES
1319	gibbie-gabbie	3	REDUPLICATIVES
1320	gibble-gabble	3	REDUPLICATIVES
1321	giggle-gaggle	3	REDUPLICATIVES
1322	girly-girly	3	REDUPLICATIVES
1323	glut-glut	3	REDUPLICATIVES
1324	gobble-gobble	3	REDUPLICATIVES
1325	gogo	3	REDUPLICATIVES
1326	go-go	3	REDUPLICATIVES
1327	goody-goody	3	REDUPLICATIVES
1328	goo-goo	3	REDUPLICATIVES
1329	Goosey Loosey	3	REDUPLICATIVES
1330	growly-wowly	3	REDUPLICATIVES
1331	Haahoos	3	REDUPLICATIVES
1332	ha-ha	3	REDUPLICATIVES
1333	hah hah	3	REDUPLICATIVES
1334	handy-dandy	3	REDUPLICATIVES
1335	hanky-panky	3	REDUPLICATIVES
1336	Happy Hippo	3	REDUPLICATIVES
1337	harum-scarum	3	REDUPLICATIVES
1338	heebie-jeebie	3	REDUPLICATIVES
1339	hee-haw	3	REDUPLICATIVES
1340	helter-skelter	3	REDUPLICATIVES
1341	Henny Penny	3	REDUPLICATIVES
1342	higgledy-piggledy	3	REDUPLICATIVES
1343	hip-hop	3	REDUPLICATIVES
1344	hiphop	3	REDUPLICATIVES
1345	hip hop	3	REDUPLICATIVES
1346	hish-hish	3	REDUPLICATIVES
1347	hobnob	3	REDUPLICATIVES
1348	hocus-pocus	3	REDUPLICATIVES
1349	hokey-pokey	3	REDUPLICATIVES
1350	hodgepodge	3	REDUPLICATIVES
1351	hodge-podge	3	REDUPLICATIVES
1352	ho-ho	3	REDUPLICATIVES
1353	hoity-toity	3	REDUPLICATIVES
1354	holus-bolus	3	REDUPLICATIVES
1355	holy moly	3	REDUPLICATIVES
1356	honk-honk	3	REDUPLICATIVES
1357	hoo-ha	3	REDUPLICATIVES
1358	hoo-hoo	3	REDUPLICATIVES
1359	hotchpotch	3	REDUPLICATIVES
1360	hotsy-totsy	3	REDUPLICATIVES
1361	howk-chowk	3	REDUPLICATIVES
1362	hub-a-dub	3	REDUPLICATIVES
1363	hubble-bubble	3	REDUPLICATIVES
1364	hub-bub	3	REDUPLICATIVES
1365	hugger-mugger	3	REDUPLICATIVES
1366	hula-hula	3	REDUPLICATIVES
1367	humdrum	3	REDUPLICATIVES
1368	hummel-bummel	3	REDUPLICATIVES
1369	Humpty-Dumpty	3	REDUPLICATIVES
1370	hunkum-bunkum	3	REDUPLICATIVES
1371	hurly-burly	3	REDUPLICATIVES
1372	Hurlyburly	3	REDUPLICATIVES
1373	huzz-buzz	3	REDUPLICATIVES
1374	ickle-ockle	3	REDUPLICATIVES
1375	Igglepiggle	3	REDUPLICATIVES
1376	itsy-bitsy	3	REDUPLICATIVES
1377	itty-bitty	3	REDUPLICATIVES
1378	jim-jams	3	REDUPLICATIVES
1379	JoJo	3	REDUPLICATIVES
1380	jug-jug	3	REDUPLICATIVES
1381	ju-ju	3	REDUPLICATIVES
1382	kickie-whickie	3	REDUPLICATIVES
1383	killer-diller	3	REDUPLICATIVES
1385	kissy-kissy	3	REDUPLICATIVES
1386	kit-cat	3	REDUPLICATIVES
1387	knick-knack	3	REDUPLICATIVES
1388	knock-knock	3	REDUPLICATIVES
1389	Laa-Laa	3	REDUPLICATIVES
1390	Laffy Taffy	3	REDUPLICATIVES
1391	liglag	3	REDUPLICATIVES
1392	limo-limo	3	REDUPLICATIVES
1393	lipslip	3	REDUPLICATIVES
1394	Liz-Wiz	3	REDUPLICATIVES
1395	Lizzy-Wizzy	3	REDUPLICATIVES
1396	loco-foco	3	REDUPLICATIVES
1397	Lodgie-Podgie	3	REDUPLICATIVES
1398	lovey-dovey	3	REDUPLICATIVES
1399	mack-lack	3	REDUPLICATIVES
1400	Makka Pakka	3	REDUPLICATIVES
1401	mama	3	REDUPLICATIVES
1402	mayday	3	REDUPLICATIVES
1403	meow-meow	3	REDUPLICATIVES
1404	Milly Molly Mandy	3	REDUPLICATIVES
1405	mingle-mangle	3	REDUPLICATIVES
1406	mish-mash	3	REDUPLICATIVES
1407	mumble-jumble	3	REDUPLICATIVES
1408	mumbo-jumbo	3	REDUPLICATIVES
1409	munge-munge	3	REDUPLICATIVES
1410	my-my	3	REDUPLICATIVES
1411	namby-pamby	3	REDUPLICATIVES
1412	never-never	3	REDUPLICATIVES
1413	nick-nack	3	REDUPLICATIVES
1414	night-night	3	REDUPLICATIVES
1415	nig-nog	3	REDUPLICATIVES
1416	niminy-piminy	3	REDUPLICATIVES
1417	Ninky Nonk	3	REDUPLICATIVES
1418	nitty-gritty	3	REDUPLICATIVES
1419	nitwit	3	REDUPLICATIVES
1420	nit-wit	3	REDUPLICATIVES
1421	nonny-nonny	3	REDUPLICATIVES
1422	no-no	3	REDUPLICATIVES
1423	Noo-Noo	3	REDUPLICATIVES
1424	oink-oink	3	REDUPLICATIVES
1425	okey-dokey	3	REDUPLICATIVES
1426	okily dokily	3	REDUPLICATIVES
1427	okledokle	3	REDUPLICATIVES
1428	Oogie Boogie	3	REDUPLICATIVES
1429	owlie-wowlie	3	REDUPLICATIVES
1430	palsy-walsy	3	REDUPLICATIVES
1431	papa	3	REDUPLICATIVES
1432	patter-patter	3	REDUPLICATIVES
1433	pattle-pattle	3	REDUPLICATIVES
1434	pech-pech	3	REDUPLICATIVES
1435	pee-pee	3	REDUPLICATIVES
1436	peepie-creepie	3	REDUPLICATIVES
1437	peewee	3	REDUPLICATIVES
1438	pid-pad	3	REDUPLICATIVES
1439	ping pong	3	REDUPLICATIVES
1440	ping-pong	3	REDUPLICATIVES
1441	pinkie-winkie	3	REDUPLICATIVES
1442	pinkle-pankle	3	REDUPLICATIVES
1443	pink-twink	3	REDUPLICATIVES
1444	Pinky Ponk	3	REDUPLICATIVES
1445	pip-pip	3	REDUPLICATIVES
1446	pipple-papple	3	REDUPLICATIVES
1447	plit-plat	3	REDUPLICATIVES
1448	plotty-plotty	3	REDUPLICATIVES
1449	pokemoke	3	REDUPLICATIVES
1450	pom-pom	3	REDUPLICATIVES
1451	pooh-pooh	3	REDUPLICATIVES
1452	poo-poo	3	REDUPLICATIVES
1453	pooly-wooly	3	REDUPLICATIVES
1454	pop-pop	3	REDUPLICATIVES
1455	popsy-wopsy	3	REDUPLICATIVES
1456	pow-wow	3	REDUPLICATIVES
1457	pretty-pretty	3	REDUPLICATIVES
1458	prid-prad	3	REDUPLICATIVES
1459	puzzled-wazzled	3	REDUPLICATIVES
1460	quack-quack	3	REDUPLICATIVES
1461	rah-rah	3	REDUPLICATIVES
1462	ram-jam	3	REDUPLICATIVES
1463	ramp-ramp	3	REDUPLICATIVES
1464	ran-dan	3	REDUPLICATIVES
1465	razzle-dazzle	3	REDUPLICATIVES
1466	Reese's Pieces	3	REDUPLICATIVES
1467	rickety-rackety	3	REDUPLICATIVES
1468	rickrack	3	REDUPLICATIVES
1469	riff-raff	3	REDUPLICATIVES
1470	riprap	3	REDUPLICATIVES
1471	roly-poly	3	REDUPLICATIVES
1472	row-dow	3	REDUPLICATIVES
1473	rub-a-dub	3	REDUPLICATIVES
1474	rumble-tumble	3	REDUPLICATIVES
1475	rumpy-pumpy	3	REDUPLICATIVES
1476	seabee	3	REDUPLICATIVES
1477	see-saw	3	REDUPLICATIVES
1478	shiffle-shuffle	3	REDUPLICATIVES
1479	shilly-shally	3	REDUPLICATIVES
1480	shittity brickitty	3	REDUPLICATIVES
1481	silly-billy	3	REDUPLICATIVES
1482	sing-sing	3	REDUPLICATIVES
1483	skimble-skamble	3	REDUPLICATIVES
1484	slang-whang	3	REDUPLICATIVES
1485	slipslop	3	REDUPLICATIVES
1486	smick-smack	3	REDUPLICATIVES
1487	snip-snap	3	REDUPLICATIVES
1488	snip-snip	3	REDUPLICATIVES
1489	snuggly-wuggly	3	REDUPLICATIVES
1490	so-so	3	REDUPLICATIVES
1491	splish-splash	3	REDUPLICATIVES
1492	stinky pinky	3	REDUPLICATIVES
1493	strim-stram	3	REDUPLICATIVES
1494	strim-strum	3	REDUPLICATIVES
1495	super-duper	3	REDUPLICATIVES
1496	swing-swang	3	REDUPLICATIVES
1497	tabby-wabby	3	REDUPLICATIVES
1498	tagrag	3	REDUPLICATIVES
1499	tam-tam	3	REDUPLICATIVES
1500	tan-tan	3	REDUPLICATIVES
1501	ta-ta	3	REDUPLICATIVES
1502	teensy-weensy	3	REDUPLICATIVES
1503	teeny-tiny	3	REDUPLICATIVES
1504	teeny-weeny	3	REDUPLICATIVES
1505	teensy-weensy	3	REDUPLICATIVES
1506	terry-rerry	3	REDUPLICATIVES
1507	tick-tack	3	REDUPLICATIVES
1508	tick-tock	3	REDUPLICATIVES
1509	tick-tack-toe	3	REDUPLICATIVES
1510	tick-tick	3	REDUPLICATIVES
1511	ticky-tacky	3	REDUPLICATIVES
1512	Tic tac	3	REDUPLICATIVES
1513	ting-a-ling	3	REDUPLICATIVES
1514	ting-ting	3	REDUPLICATIVES
1515	Tinky-Winky	3	REDUPLICATIVES
1516	tiny-winy	3	REDUPLICATIVES
1517	tip-top	3	REDUPLICATIVES
1518	tittle-tattle	3	REDUPLICATIVES
1519	titty-totty	3	REDUPLICATIVES
1520	tom-tom	3	REDUPLICATIVES
1521	toodle-loodle	3	REDUPLICATIVES
1522	too-too	3	REDUPLICATIVES
1523	too-whoo	3	REDUPLICATIVES
1524	tra-ra	3	REDUPLICATIVES
1525	trick-track	3	REDUPLICATIVES
1526	trill-ill	3	REDUPLICATIVES
1527	trit-trot	3	REDUPLICATIVES
1528	tuff-tuff	3	REDUPLICATIVES
1529	tug-slug	3	REDUPLICATIVES
1530	tum-tum	3	REDUPLICATIVES
1531	Turkey Lurkey	3	REDUPLICATIVES
1532	tussie-mussie	3	REDUPLICATIVES
1533	tut-tut	3	REDUPLICATIVES
1534	tweet-tweet	3	REDUPLICATIVES
1535	twenty-twenty	3	REDUPLICATIVES
1536	twiddle-twaddle	3	REDUPLICATIVES
1537	twing	3	REDUPLICATIVES
1538	twisty-wisty	3	REDUPLICATIVES
1539	twittle-twattle	3	REDUPLICATIVES
1540	twit-twat	3	REDUPLICATIVES
1541	walkie-talkie	3	REDUPLICATIVES
1542	wa-wa	3	REDUPLICATIVES
1543	weet-weet	3	REDUPLICATIVES
1544	wee-wee	3	REDUPLICATIVES
1545	wey-hey	3	REDUPLICATIVES
1546	whim-wham	3	REDUPLICATIVES
1547	whittie-whattie	3	REDUPLICATIVES
1548	wibble-wobble	3	REDUPLICATIVES
1549	wigwag	3	REDUPLICATIVES
1550	willy-nilly	3	REDUPLICATIVES
1551	win-win	3	REDUPLICATIVES
1552	wish-wash	3	REDUPLICATIVES
1553	wishy-washy	3	REDUPLICATIVES
1554	wonga-wonga	3	REDUPLICATIVES
1555	woofle-woofle	3	REDUPLICATIVES
1556	woo-woo	3	REDUPLICATIVES
1557	yaw-haw	3	REDUPLICATIVES
1558	yé-yé	3	REDUPLICATIVES
1559	yolp-yalp	3	REDUPLICATIVES
1560	yo-yo	3	REDUPLICATIVES
1561	yum yum	3	REDUPLICATIVES
1562	zero-zero	3	REDUPLICATIVES
1563	zig-zag	3	REDUPLICATIVES
1564	zigzag	3	REDUPLICATIVES
1565	zig zag	3	REDUPLICATIVES
1566	apple-shmapple	3	REDUPLICATIVES
1567	arcade-shmarcade	3	REDUPLICATIVES
1568	art-shmart	3	REDUPLICATIVES
1569	baby-schmaby	3	REDUPLICATIVES
1570	breakfast shmreakfast	3	REDUPLICATIVES
1571	can't-shman't	3	REDUPLICATIVES
1572	captain shmaptain	3	REDUPLICATIVES
1573	child schmild	3	REDUPLICATIVES
1574	clever-shmever	3	REDUPLICATIVES
1575	crisis-shmisis	3	REDUPLICATIVES
1576	Europe-Shmeurope	3	REDUPLICATIVES
1577	fancy-schmancy	3	REDUPLICATIVES
1578	gravity schmavity	3	REDUPLICATIVES
1579	locked-shmocked	3	REDUPLICATIVES
1580	marry-shmarry	3	REDUPLICATIVES
1581	moon-schmoon	3	REDUPLICATIVES
1582	opinion shmopinion	3	REDUPLICATIVES
1583	Pedro-Schmedro	3	REDUPLICATIVES
1584	plan shman	3	REDUPLICATIVES
1585	table-shmable	3	REDUPLICATIVES
1586	transformations shmansformations	3	REDUPLICATIVES
1587	variables shmariables	3	REDUPLICATIVES
